Order ID,Amount,Profit,Quantity,Category,Sub-Category,PaymentMode,State
B-25681,1096,658,7,Electronics,Electronic Games,COD,California
B-26055,5729,64,14,Furniture,Chairs,EMI,New Jersey
B-25955,2927,146,8,Furniture,Bookcases,EMI,North Dakota
B-26093,2847,712,8,Electronics,Printers,Credit Card,Iowa
B-25602,2617,1151,4,Electronics,Phones,Credit Card,Oregon
B-25881,2244,247,4,Clothing,Trousers,Credit Card,New York
B-25696,275,-275,4,Clothing,Saree,COD,Missouri
B-25687,387,-213,5,Clothing,Saree,UPI,North Dakota
B-25643,50,-44,2,Clothing,Hankerchief,UPI,Ohio
B-25851,135,-54,5,Clothing,Kurti,COD,Missouri
B-25703,231,-190,9,Clothing,Hankerchief,COD,Idaho
B-25887,2125,-234,6,Electronics,Printers,EMI,Colorado
B-25923,3873,-891,6,Electronics,Phones,Credit Card,Virginia
B-25756,729,-492,5,Furniture,Bookcases,UPI,North Dakota
B-25761,2188,1050,5,Furniture,Bookcases,Credit Card,Oklahoma
B-25655,6,-3,1,Clothing,Hankerchief,UPI,New Jersey
B-25786,1854,433,5,Furniture,Bookcases,Credit Card,North Dakota
B-26095,6,1,1,Clothing,Kurti,UPI,Minnesota
B-25853,2093,721,5,Furniture,Chairs,Credit Card,New Mexico
B-25735,7,-1,2,Clothing,Skirt,UPI,Florida
B-25910,1622,-624,5,Furniture,Tables,Credit Card,Utah
B-25950,1622,95,5,Electronics,Printers,Credit Card,Hawaii
B-25744,373,254,6,Electronics,Printers,UPI,Idaho
B-25845,82,-33,4,Clothing,Kurti,COD,Wyoming
B-26001,8,2,2,Clothing,Skirt,UPI,Indiana
B-25830,1954,782,3,Electronics,Phones,Credit Card,South Dakota
B-25842,1543,370,8,Electronics,Printers,Credit Card,Wyoming
B-25778,1506,-266,6,Electronics,Printers,Credit Card,Oregon
B-25686,1829,-56,6,Furniture,Tables,Credit Card,Montana
B-25754,9,-1,3,Clothing,Skirt,UPI,Tennessee
B-26048,1461,202,5,Furniture,Tables,EMI,Colorado
B-25816,391,113,8,Clothing,Stole,COD,Michigan
B-26022,1824,1303,8,Electronics,Phones,Credit Card,New Hampshire
B-25883,16,-15,4,Clothing,Hankerchief,UPI,Utah
B-26003,1745,122,2,Furniture,Tables,Credit Card,Florida
B-26097,663,-212,5,Electronics,Printers,UPI,Maryland
B-25710,10,-1,1,Clothing,Leggings,UPI,Texas
B-25797,1630,802,5,Furniture,Tables,EMI,New Mexico
B-25618,12,0,2,Clothing,Hankerchief,UPI,New Jersey
B-25723,12,-7,2,Clothing,Leggings,UPI,New York
B-25755,1709,564,3,Clothing,Trousers,Credit Card,Alabama
B-25788,12,3,1,Clothing,Stole,UPI,Georgia
B-25681,1625,-77,3,Electronics,Phones,EMI,Utah
B-25991,13,5,2,Clothing,Hankerchief,UPI,Iowa
B-25779,1361,980,3,Furniture,Tables,COD,Massachusetts
B-25909,1622,-448,3,Electronics,Phones,EMI,Mississippi
B-25943,1547,340,6,Electronics,Accessories,EMI,Alaska
B-25935,1657,460,4,Furniture,Chairs,Credit Card,Washington
B-25613,1603,0,9,Clothing,Saree,Credit Card,Arizona
B-25729,1549,-439,4,Electronics,Phones,Credit Card,West Virginia
B-25772,1183,106,4,Electronics,Printers,EMI,South Carolina
B-25655,74,-123,8,Clothing,Skirt,UPI,New York
B-25640,1499,239,13,Clothing,Saree,Credit Card,Colorado
B-25810,1120,199,6,Clothing,Saree,EMI,New Jersey
B-25801,15,-2,1,Clothing,T-shirt,Debit Card,Montana
B-26085,1487,624,3,Clothing,Trousers,Credit Card,Maryland
B-25868,1118,206,2,Furniture,Tables,Credit Card,Michigan
B-25714,11,-5,2,Clothing,Hankerchief,COD,West Virginia
B-25784,15,4,1,Clothing,Hankerchief,Debit Card,Tennessee
B-25608,1364,1864,5,Furniture,Tables,Credit Card,West Virginia
B-26051,1337,147,7,Electronics,Printers,Credit Card,Iowa
B-25900,15,2,1,Clothing,Leggings,Debit Card,Montana
B-25760,322,-193,5,Electronics,Printers,UPI,Delaware
B-25762,1316,527,7,Electronics,Electronic Games,Credit Card,Pennsylvania
B-25995,1314,342,3,Furniture,Bookcases,Credit Card,Mississippi
B-25965,17,7,3,Clothing,Hankerchief,Debit Card,New Mexico
B-25967,17,2,2,Clothing,Skirt,Debit Card,New Hampshire
B-25674,17,-12,5,Clothing,Skirt,Debit Card,Hawaii
B-25929,1308,536,3,Furniture,Bookcases,Credit Card,New Mexico
B-25777,1076,-38,4,Electronics,Printers,Credit Card,West Virginia
B-26006,1301,573,5,Electronics,Accessories,Credit Card,Montana
B-25697,1300,-16,8,Electronics,Printers,Credit Card,Delaware
B-25667,11,-2,4,Clothing,Hankerchief,COD,Oregon
B-25836,1298,65,9,Electronics,Printers,EMI,Rhode Island
B-25984,304,97,6,Clothing,Stole,UPI,Arizona
B-25728,1055,264,4,Electronics,Printers,EMI,Washington
B-25757,17,-13,4,Clothing,Skirt,Debit Card,Michigan
B-25957,147,73,3,Clothing,Stole,COD,Arizona
B-26061,965,-68,3,Electronics,Printers,COD,Kansas
B-25735,12,-2,3,Clothing,Hankerchief,COD,Washington
B-25616,14,-2,3,Clothing,Hankerchief,UPI,Idaho
B-25666,934,-916,7,Electronics,Electronic Games,COD,South Dakota
B-25675,929,-93,9,Clothing,Saree,COD,Vermont
B-26079,18,3,2,Clothing,Hankerchief,Debit Card,Maryland
B-25850,916,192,11,Electronics,Phones,COD,Utah
B-25693,76,-72,9,Clothing,Hankerchief,COD,Virginia
B-25852,869,67,4,Furniture,Tables,COD,Oklahoma
B-25860,112,24,3,Clothing,Kurti,COD,Nevada
B-25853,39,16,6,Clothing,Skirt,UPI,Oregon
B-25898,857,-274,2,Furniture,Tables,COD,Louisiana
B-26100,828,230,2,Furniture,Chairs,COD,North Dakota
B-25653,1279,-640,8,Electronics,Printers,EMI,Washington
B-25839,1250,486,7,Clothing,Saree,EMI,Massachusetts
B-25651,823,-18,7,Furniture,Chairs,COD,Washington
B-25957,1157,-13,9,Furniture,Bookcases,Credit Card,Montana
B-25704,126,-63,3,Electronics,Accessories,UPI,West Virginia
B-25730,1145,-706,3,Electronics,Phones,Credit Card,Alabama
B-26052,774,170,3,Electronics,Accessories,COD,Washington
B-25656,24,-1,2,Clothing,Hankerchief,COD,Michigan
B-26033,774,170,3,Electronics,Accessories,COD,South Carolina
B-25850,93,-1,2,Clothing,Hankerchief,COD,Minnesota
B-25945,765,-36,3,Electronics,Electronic Games,COD,New Mexico
B-26086,762,101,6,Electronics,Printers,COD,Vermont
B-25752,761,266,9,Electronics,Electronic Games,COD,Missouri
B-26098,96,-48,5,Clothing,Leggings,UPI,Pennsylvania
B-26067,1137,-14,7,Electronics,Printers,EMI,West Virginia
B-25730,18,8,2,Clothing,Hankerchief,Debit Card,Rhode Island
B-25986,749,-307,7,Furniture,Furnishings,COD,Nevada
B-26067,1120,199,6,Clothing,Saree,EMI,Maryland
B-25953,744,119,6,Electronics,Printers,COD,Wyoming
B-25952,14,0,4,Clothing,Hankerchief,UPI,Maryland
B-25903,19,8,2,Clothing,Hankerchief,Debit Card,New Mexico
B-25650,512,-225,5,Clothing,Saree,COD,Nevada
B-25970,742,198,2,Furniture,Bookcases,COD,New Jersey
B-26062,44,-40,3,Clothing,Stole,COD,Kansas
B-25643,1061,-36,8,Furniture,Bookcases,EMI,Mississippi
B-25632,19,-2,2,Clothing,Leggings,Debit Card,Massachusetts
B-25821,17,0,1,Clothing,Hankerchief,COD,Florida
B-25878,741,267,5,Furniture,Bookcases,COD,Missouri
B-25752,735,-235,6,Electronics,Printers,COD,Michigan
B-25750,19,-1,1,Clothing,Shirt,Debit Card,Florida
B-25657,1021,-48,4,Electronics,Electronic Games,EMI,Illinois
B-25787,556,-209,7,Clothing,Saree,COD,Illinois
B-25808,63,-17,6,Clothing,Leggings,COD,Michigan
B-25885,734,248,2,Furniture,Chairs,COD,Alaska
B-25778,933,166,5,Clothing,Saree,Credit Card,South Carolina
B-25759,20,-9,6,Clothing,Hankerchief,Debit Card,North Carolina
B-25747,877,395,2,Furniture,Bookcases,Credit Card,Texas
B-25878,719,303,6,Furniture,Chairs,COD,California
B-25603,12,1,2,Clothing,Hankerchief,COD,Louisiana
B-25691,714,56,4,Clothing,Saree,COD,Maryland
B-25607,50,-15,4,Clothing,Leggings,COD,Iowa
B-25708,709,-100,5,Electronics,Phones,COD,Utah
B-26021,21,-12,3,Clothing,Hankerchief,Debit Card,Nevada
B-25831,693,254,6,Clothing,Saree,COD,Alaska
B-25850,24,1,4,Clothing,Hankerchief,COD,Wisconsin
B-25670,24,1,2,Clothing,Hankerchief,UPI,Georgia
B-25852,24,1,2,Clothing,Hankerchief,COD,Washington
B-26029,21,10,1,Clothing,T-shirt,Debit Card,California
B-25959,681,259,4,Furniture,Chairs,COD,Wyoming
B-25676,674,-187,2,Furniture,Tables,COD,Connecticut
B-26097,671,-309,5,Electronics,Electronic Games,COD,North Carolina
B-25888,646,-213,3,Electronics,Electronic Games,COD,Louisiana
B-25911,40,15,1,Clothing,Kurti,COD,Missouri
B-25662,24,-2,2,Clothing,T-shirt,COD,Maryland
B-25950,644,167,2,Electronics,Printers,COD,Connecticut
B-25847,643,225,2,Electronics,Printers,COD,Wisconsin
B-25796,632,-316,6,Clothing,Saree,COD,Florida
B-25693,632,316,6,Clothing,Saree,COD,Minnesota
B-25993,610,208,3,Electronics,Printers,COD,Minnesota
B-26052,78,-28,6,Clothing,Kurti,UPI,Vermont
B-25930,595,119,4,Furniture,Bookcases,COD,South Carolina
B-25785,595,292,3,Clothing,Saree,COD,Washington
B-26093,852,51,5,Furniture,Bookcases,Credit Card,Wisconsin
B-26053,594,89,3,Furniture,Bookcases,COD,North Dakota
B-26019,585,175,13,Clothing,T-shirt,COD,Illinois
B-26070,582,262,5,Furniture,Furnishings,COD,Massachusetts
B-25870,845,84,7,Clothing,Saree,Credit Card,Arizona
B-25855,829,19,4,Electronics,Printers,Credit Card,Missouri
B-25602,561,212,3,Clothing,Saree,COD,Michigan
B-25728,771,-424,2,Electronics,Phones,Credit Card,Rhode Island
B-25803,765,8,6,Clothing,Saree,EMI,Texas
B-25996,31,2,2,Clothing,Hankerchief,COD,Massachusetts
B-26078,557,-111,2,Electronics,Electronic Games,COD,North Dakota
B-25803,757,371,2,Electronics,Printers,Credit Card,Georgia
B-25682,545,-73,11,Electronics,Phones,COD,Florida
B-25749,1052,-82,3,Furniture,Bookcases,UPI,Delaware
B-25962,544,-152,3,Furniture,Bookcases,COD,Kansas
B-25899,22,9,2,Clothing,Leggings,Debit Card,Wyoming
B-25845,757,371,2,Electronics,Printers,Credit Card,Oklahoma
B-25951,742,198,2,Furniture,Bookcases,Credit Card,Vermont
B-25828,537,107,3,Clothing,Saree,COD,Indiana
B-25803,536,91,1,Clothing,Trousers,COD,Virginia
B-25656,6,3,1,Clothing,Hankerchief,COD,Nebraska
B-25681,523,204,7,Clothing,Trousers,COD,South Carolina
B-25658,27,9,2,Clothing,T-shirt,UPI,Michigan
B-25698,516,392,8,Furniture,Chairs,COD,North Carolina
B-25832,504,116,3,Furniture,Bookcases,COD,Montana
B-25886,502,84,4,Electronics,Phones,COD,New Mexico
B-25897,734,213,6,Electronics,Electronic Games,Credit Card,West Virginia
B-25873,42,12,2,Clothing,Kurti,COD,Michigan
B-25858,29,11,4,Clothing,Skirt,COD,Hawaii
B-25867,240,12,6,Clothing,Kurti,UPI,Kansas
B-25633,496,-79,2,Clothing,Trousers,COD,Kansas
B-25609,485,29,4,Electronics,Electronic Games,COD,Louisiana
B-25896,31,-11,3,Clothing,Skirt,UPI,Indiana
B-26000,676,151,3,Electronics,Printers,Credit Card,Hawaii
B-25959,23,8,2,Clothing,Hankerchief,Debit Card,Washington
B-25940,13,3,2,Clothing,Hankerchief,COD,Connecticut
B-26087,180,0,8,Clothing,Stole,COD,Indiana
B-26055,671,114,9,Electronics,Phones,Credit Card,Oregon
B-25980,22,11,3,Clothing,Kurti,COD,Idaho
B-25653,668,-31,3,Electronics,Printers,Credit Card,Iowa
B-26052,145,0,3,Clothing,Saree,UPI,Florida
B-25877,24,8,2,Clothing,Skirt,Debit Card,New Hampshire
B-25608,476,0,3,Furniture,Chairs,COD,Illinois
B-25897,24,11,5,Clothing,Hankerchief,Debit Card,Michigan
B-25881,37,3,3,Clothing,Hankerchief,COD,Indiana
B-25905,152,50,6,Clothing,Stole,UPI,Iowa
B-25818,32,11,2,Clothing,Leggings,UPI,Indiana
B-25835,52,11,5,Clothing,Leggings,COD,Tennessee
B-26081,24,11,3,Clothing,Hankerchief,Debit Card,Arkansas
B-25730,473,42,4,Furniture,Chairs,COD,West Virginia
B-25837,263,50,5,Clothing,Stole,COD,Alabama
B-25893,61,11,3,Clothing,Kurti,COD,Louisiana
B-25689,469,-459,3,Electronics,Electronic Games,COD,Oregon
B-26028,1272,547,2,Electronics,Phones,COD,Connecticut
B-26081,169,0,3,Electronics,Accessories,COD,Iowa
B-25903,25,11,3,Clothing,Leggings,Debit Card,Vermont
B-25651,457,-41,4,Clothing,Saree,COD,New York
B-25903,455,77,8,Electronics,Accessories,COD,North Dakota
B-26086,25,2,2,Clothing,Hankerchief,Debit Card,Mississippi
B-25654,450,-90,3,Electronics,Printers,COD,Tennessee
B-25720,30,-35,1,Furniture,Chairs,COD,Idaho
B-26057,659,-37,2,Furniture,Bookcases,Credit Card,New York
B-25798,448,148,2,Electronics,Printers,COD,Arkansas
B-25961,446,53,3,Electronics,Printers,COD,Kentucky
B-25701,98,-45,2,Furniture,Chairs,UPI,Hawaii
B-26055,443,11,1,Clothing,Saree,COD,Wyoming
B-25653,427,-50,7,Electronics,Phones,COD,Massachusetts
B-25670,656,-36,2,Furniture,Bookcases,Credit Card,Maryland
B-26056,424,161,2,Clothing,Saree,COD,Utah
B-26061,27,8,2,Clothing,T-shirt,Debit Card,California
B-25602,424,-272,5,Electronics,Phones,COD,Ohio
B-26016,202,4,4,Clothing,Hankerchief,COD,Kansas
B-25873,1275,357,2,Electronics,Phones,UPI,Maine
B-25761,418,70,7,Electronics,Phones,COD,West Virginia
B-25819,417,49,3,Electronics,Electronic Games,COD,Maine
B-25853,199,48,4,Clothing,Stole,UPI,Georgia
B-25662,385,-77,11,Furniture,Furnishings,UPI,Delaware
B-25993,414,199,3,Electronics,Phones,COD,New Mexico
B-25703,97,-45,4,Clothing,Saree,COD,Kansas
B-25848,648,50,6,Electronics,Electronic Games,Credit Card,Iowa
B-25678,27,-25,2,Clothing,Shirt,Debit Card,Alabama
B-25925,27,12,1,Clothing,Stole,Debit Card,New Jersey
B-25977,27,1,1,Clothing,Stole,UPI,Wyoming
B-25797,413,-314,9,Furniture,Chairs,COD,Kansas
B-26067,53,2,4,Clothing,Hankerchief,COD,Iowa
B-25810,29,8,5,Clothing,Hankerchief,UPI,Arizona
B-25648,30,13,1,Clothing,T-shirt,UPI,Virginia
B-25933,412,412,6,Clothing,Saree,COD,Hawaii
B-25942,646,-23,2,Electronics,Printers,Credit Card,Idaho
B-25656,30,-5,5,Clothing,Stole,UPI,Kansas
B-26067,618,27,4,Furniture,Bookcases,Credit Card,California
B-25673,143,-124,5,Clothing,Saree,UPI,Kentucky
B-25797,31,1,2,Clothing,Hankerchief,UPI,New York
B-26098,409,86,3,Clothing,Saree,COD,Iowa
B-25656,406,126,2,Clothing,Saree,COD,Alabama
B-25791,565,66,7,Clothing,Saree,Credit Card,South Dakota
B-26053,85,2,6,Clothing,Stole,COD,Delaware
B-25983,561,118,5,Furniture,Bookcases,Credit Card,Texas
B-25743,503,-56,2,Clothing,Trousers,COD,West Virginia
B-25867,31,14,3,Clothing,Stole,UPI,Alaska
B-25973,398,111,8,Clothing,Hankerchief,COD,Florida
B-25895,388,93,2,Furniture,Bookcases,COD,Rhode Island
B-26003,498,-116,4,Clothing,Saree,UPI,Arizona
B-25717,561,212,3,Clothing,Saree,Credit Card,Massachusetts
B-26064,61,3,4,Clothing,Hankerchief,COD,Alabama
B-25630,34,-22,4,Clothing,T-shirt,COD,New Hampshire
B-26050,32,6,3,Clothing,Shirt,UPI,North Carolina
B-25786,623,-192,3,Furniture,Tables,UPI,Minnesota
B-26035,520,151,3,Electronics,Phones,Credit Card,Michigan
B-25693,32,-16,6,Clothing,Saree,UPI,Michigan
B-25703,32,-5,5,Clothing,Hankerchief,UPI,Illinois
B-25966,510,234,6,Electronics,Electronic Games,EMI,Montana
B-26060,382,68,3,Clothing,Saree,COD,Vermont
B-25898,33,13,3,Clothing,Leggings,UPI,Mississippi
B-25686,381,-13,2,Clothing,Saree,COD,Connecticut
B-26051,490,88,2,Electronics,Accessories,EMI,New Jersey
B-25854,381,144,2,Clothing,Saree,COD,North Dakota
B-26050,487,143,4,Electronics,Phones,EMI,Delaware
B-25961,366,84,3,Furniture,Bookcases,COD,Missouri
B-25701,33,-29,3,Clothing,Shirt,UPI,Montana
B-25970,365,107,3,Electronics,Phones,COD,Pennsylvania
B-25933,207,-100,2,Clothing,Saree,UPI,Nebraska
B-26081,359,-338,5,Furniture,Bookcases,COD,North Carolina
B-25650,351,-47,8,Electronics,Phones,COD,South Carolina
B-25850,485,199,4,Clothing,Saree,EMI,South Carolina
B-25643,37,-23,4,Clothing,Shirt,UPI,Massachusetts
B-26100,34,10,2,Clothing,T-shirt,Debit Card,Idaho
B-25964,346,108,3,Furniture,Chairs,COD,Delaware
B-25676,342,-103,4,Electronics,Electronic Games,COD,Pennsylvania
B-25628,35,-8,2,Furniture,Furnishings,Debit Card,Hawaii
B-25891,121,41,4,Clothing,Stole,UPI,Nevada
B-25903,336,57,2,Electronics,Phones,COD,Ohio
B-25851,336,71,3,Furniture,Bookcases,COD,South Carolina
B-26089,27,4,1,Clothing,Hankerchief,COD,Pennsylvania
B-25996,333,50,2,Electronics,Phones,COD,Tennessee
B-25881,36,7,3,Clothing,Leggings,Debit Card,Iowa
B-25621,333,-15,3,Electronics,Phones,COD,Montana
B-25727,327,114,4,Clothing,Trousers,COD,Kansas
B-25843,18,6,3,Clothing,Hankerchief,UPI,Missouri
B-26050,325,32,7,Clothing,T-shirt,COD,Massachusetts
B-25741,482,-6,7,Electronics,Electronic Games,EMI,Maryland
B-25756,465,-33,4,Electronics,Phones,EMI,Maryland
B-25787,40,-12,3,Clothing,Shirt,COD,Utah
B-25603,107,36,6,Clothing,Stole,COD,New York
B-25655,312,-312,7,Furniture,Chairs,COD,Wisconsin
B-26096,451,25,3,Electronics,Phones,EMI,South Dakota
B-25962,312,62,1,Electronics,Electronic Games,COD,Kentucky
B-26007,311,72,2,Furniture,Bookcases,COD,Arkansas
B-26088,11,5,2,Clothing,Hankerchief,UPI,Utah
B-25673,37,-5,3,Clothing,T-shirt,Debit Card,Michigan
B-25664,444,-200,4,Electronics,Phones,EMI,Louisiana
B-25642,434,26,11,Clothing,Shirt,Credit Card,South Carolina
B-25987,299,0,6,Clothing,Stole,COD,Mississippi
B-25903,37,17,3,Clothing,Hankerchief,Debit Card,Kansas
B-25770,299,113,2,Furniture,Bookcases,COD,Delaware
B-25840,298,74,2,Furniture,Bookcases,COD,South Carolina
B-25846,94,7,7,Clothing,Leggings,UPI,North Carolina
B-25745,296,225,11,Clothing,Saree,COD,Montana
B-26073,37,17,3,Clothing,Hankerchief,Debit Card,New York
B-26030,291,93,2,Electronics,Printers,COD,Nevada
B-25678,327,-39,1,Electronics,Phones,COD,California
B-26035,291,119,11,Clothing,Saree,COD,Nebraska
B-25896,287,-66,6,Clothing,Kurti,COD,Arizona
B-25989,42,15,1,Electronics,Accessories,UPI,West Virginia
B-26016,429,61,3,Electronics,Electronic Games,Credit Card,South Dakota
B-26009,285,128,2,Electronics,Printers,COD,Oklahoma
B-25915,277,3,1,Electronics,Electronic Games,COD,Vermont
B-25845,274,-7,4,Electronics,Phones,COD,Arizona
B-25645,273,-87,4,Electronics,Phones,COD,Indiana
B-25803,269,91,1,Electronics,Electronic Games,COD,California
B-26030,11,5,1,Clothing,Skirt,COD,Michigan
B-25955,39,2,2,Clothing,Saree,Debit Card,Wyoming
B-26096,264,-26,3,Clothing,Trousers,COD,Alaska
B-25635,40,16,3,Clothing,Hankerchief,Debit Card,Alaska
B-26038,41,19,2,Clothing,T-shirt,Debit Card,Maine
B-25791,253,-63,2,Clothing,Saree,UPI,Utah
B-26014,406,97,7,Furniture,Chairs,Credit Card,New Jersey
B-25751,32,7,3,Clothing,Hankerchief,COD,Missouri
B-25962,260,68,2,Electronics,Printers,COD,Idaho
B-26025,41,19,5,Clothing,Hankerchief,Debit Card,Illinois
B-26048,401,13,6,Furniture,Chairs,Credit Card,Kansas
B-25635,382,30,3,Clothing,Saree,Credit Card,Missouri
B-25981,867,251,5,Electronics,Phones,COD,Florida
B-25610,43,0,3,Clothing,Saree,Debit Card,Pennsylvania
B-25733,43,-43,7,Clothing,Stole,Debit Card,Pennsylvania
B-25977,74,29,3,Clothing,Stole,COD,Mississippi
B-25655,44,-26,3,Clothing,Hankerchief,Debit Card,Ohio
B-25612,259,-55,2,Furniture,Chairs,COD,Mississippi
B-25608,257,23,5,Clothing,Hankerchief,COD,Iowa
B-25752,76,27,5,Clothing,Stole,COD,Illinois
B-25700,44,-32,3,Clothing,Stole,Debit Card,North Dakota
B-25856,257,3,2,Clothing,Saree,COD,Connecticut
B-26026,255,76,9,Clothing,Hankerchief,COD,South Carolina
B-25861,44,14,3,Clothing,Hankerchief,Debit Card,Minnesota
B-25673,45,-2,4,Clothing,Shirt,COD,Michigan
B-25681,44,-3,1,Clothing,Saree,Debit Card,Delaware
B-26051,382,119,2,Clothing,Saree,Credit Card,North Carolina
B-25951,250,100,3,Clothing,Trousers,COD,Alabama
B-25799,45,-15,2,Furniture,Chairs,COD,Florida
B-26053,246,61,2,Furniture,Bookcases,COD,New Hampshire
B-26030,50,25,5,Clothing,Stole,COD,South Dakota
B-26054,246,98,5,Clothing,Hankerchief,COD,Michigan
B-25696,44,99,3,Clothing,Kurti,Debit Card,Mississippi
B-25660,245,-78,3,Clothing,Saree,COD,South Carolina
B-25858,245,30,2,Clothing,Saree,COD,Nebraska
B-26045,376,0,7,Clothing,Stole,Credit Card,Florida
B-25850,45,1,3,Clothing,T-shirt,Debit Card,Massachusetts
B-25781,45,-28,2,Clothing,Stole,Debit Card,Utah
B-25918,244,-122,5,Furniture,Furnishings,COD,New York
B-25971,244,83,2,Furniture,Bookcases,COD,South Dakota
B-25870,10,4,1,Clothing,Kurti,UPI,North Carolina
B-25770,375,180,3,Furniture,Bookcases,Credit Card,Maine
B-25757,46,14,5,Clothing,Skirt,Debit Card,Maine
B-25699,49,-31,2,Clothing,Stole,UPI,Nebraska
B-25776,47,-20,2,Clothing,Kurti,Debit Card,Delaware
B-25893,355,-114,7,Clothing,Stole,Credit Card,Connecticut
B-25985,32,8,5,Clothing,Hankerchief,UPI,Louisiana
B-25681,243,-14,2,Furniture,Chairs,COD,Alaska
B-26063,241,-77,4,Electronics,Electronic Games,COD,Oregon
B-26032,47,15,5,Clothing,Saree,Debit Card,Wyoming
B-26001,50,-10,6,Clothing,Skirt,Debit Card,Arkansas
B-26056,15,6,2,Clothing,Hankerchief,COD,Arkansas
B-25850,148,24,3,Clothing,Stole,COD,Pennsylvania
B-25767,299,-28,3,Electronics,Electronic Games,UPI,Massachusetts
B-25693,68,-30,1,Electronics,Phones,UPI,Oregon
B-25850,52,18,5,Clothing,Leggings,Debit Card,Tennessee
B-25796,239,-162,5,Furniture,Chairs,COD,Nevada
B-26053,27,6,3,Clothing,Skirt,COD,Kansas
B-25650,238,20,2,Clothing,Saree,COD,Nevada
B-25961,48,16,3,Clothing,Shirt,COD,Virginia
B-26023,66,22,3,Clothing,Stole,UPI,Oklahoma
B-25809,53,24,1,Clothing,Hankerchief,Debit Card,Rhode Island
B-25621,233,-10,5,Electronics,Electronic Games,COD,Kentucky
B-25854,53,-2,3,Clothing,Saree,Debit Card,South Dakota
B-26057,54,8,4,Clothing,T-shirt,Debit Card,Massachusetts
B-25688,352,-345,5,Clothing,Saree,Credit Card,Alabama
B-25885,349,0,7,Clothing,Stole,Credit Card,Louisiana
B-25753,341,-85,6,Clothing,Trousers,Credit Card,New York
B-25981,54,12,3,Clothing,Saree,Debit Card,Rhode Island
B-26055,57,7,2,Clothing,Shirt,UPI,New Jersey
B-25714,340,20,7,Clothing,Shirt,Credit Card,South Carolina
B-26055,227,48,5,Clothing,Stole,COD,Maine
B-25989,330,81,1,Furniture,Bookcases,Credit Card,Maryland
B-25710,216,-38,6,Furniture,Furnishings,UPI,Maryland
B-25773,224,-143,3,Furniture,Chairs,COD,Hawaii
B-25661,55,-33,2,Furniture,Chairs,Debit Card,Michigan
B-26021,49,21,1,Clothing,Stole,UPI,Nevada
B-26057,224,87,3,Clothing,Trousers,COD,Arizona
B-25858,223,27,2,Furniture,Bookcases,COD,Pennsylvania
B-25857,324,39,8,Electronics,Accessories,Credit Card,Maine
B-25656,56,18,2,Clothing,Hankerchief,Debit Card,New Mexico
B-25999,223,62,7,Clothing,Shirt,COD,Texas
B-25856,10,2,2,Clothing,Skirt,COD,Iowa
B-25926,57,6,5,Clothing,Leggings,Debit Card,Utah
B-25728,322,-113,4,Clothing,Saree,Credit Card,Idaho
B-26076,219,4,2,Clothing,Saree,COD,Iowa
B-25913,103,21,7,Clothing,Stole,UPI,New Jersey
B-25703,47,-27,4,Clothing,Saree,COD,New Jersey
B-25858,219,0,1,Clothing,Saree,COD,Georgia
B-25727,57,-48,6,Clothing,Leggings,Debit Card,Missouri
B-26020,319,102,6,Electronics,Accessories,Credit Card,Ohio
B-26003,315,-8,3,Furniture,Chairs,Credit Card,Wyoming
B-25925,314,-41,3,Electronics,Electronic Games,Credit Card,Nevada
B-26087,311,40,1,Electronics,Electronic Games,EMI,California
B-25810,307,74,3,Electronics,Accessories,EMI,Utah
B-25858,294,109,7,Electronics,Accessories,EMI,Nevada
B-25861,216,-83,3,Electronics,Electronic Games,COD,North Carolina
B-25661,58,-42,2,Furniture,Chairs,Debit Card,Kentucky
B-25943,48,20,4,Clothing,Stole,UPI,Maine
B-25955,54,14,3,Clothing,T-shirt,UPI,Wyoming
B-26051,216,50,4,Clothing,Stole,COD,Montana
B-25999,215,-30,2,Clothing,Saree,COD,Maine
B-26083,43,8,3,Clothing,Leggings,COD,Wyoming
B-25950,136,-33,5,Clothing,Saree,COD,Pennsylvania
B-25625,59,-30,3,Clothing,Leggings,Debit Card,Tennessee
B-26055,213,4,14,Clothing,Shirt,COD,Illinois
B-26023,59,21,2,Clothing,Stole,Debit Card,Indiana
B-26010,55,3,3,Clothing,T-shirt,COD,Tennessee
B-25955,294,62,9,Clothing,T-shirt,EMI,Nevada
B-25900,210,62,2,Electronics,Phones,COD,North Dakota
B-26089,59,24,6,Clothing,Kurti,Debit Card,Kansas
B-25655,396,-31,9,Clothing,Saree,COD,Mississippi
B-25979,284,45,2,Furniture,Bookcases,EMI,Mississippi
B-26002,276,52,5,Clothing,Saree,EMI,Ohio
B-25635,23,2,2,Clothing,Skirt,UPI,Pennsylvania
B-26084,209,-63,4,Electronics,Electronic Games,COD,Vermont
B-25998,50,-28,5,Furniture,Furnishings,COD,Washington
B-25872,57,27,2,Clothing,Shirt,COD,Arizona
B-25795,276,-21,2,Electronics,Phones,EMI,Connecticut
B-25902,268,6,2,Furniture,Bookcases,UPI,Alabama
B-25650,269,111,3,Clothing,Trousers,EMI,Wisconsin
B-25957,209,2,1,Clothing,Saree,COD,Illinois
B-25793,60,-12,4,Clothing,Hankerchief,Debit Card,Louisiana
B-25654,269,-86,2,Electronics,Electronic Games,EMI,Georgia
B-25750,208,-25,2,Clothing,Saree,COD,Texas
B-25835,27,2,2,Clothing,Leggings,UPI,Michigan
B-25652,206,-206,3,Clothing,Saree,COD,New Jersey
B-26018,61,8,4,Clothing,Hankerchief,Debit Card,North Carolina
B-25750,212,-24,2,Furniture,Chairs,COD,New York
B-25840,262,64,6,Clothing,Saree,EMI,Massachusetts
B-25756,204,276,3,Furniture,Bookcases,COD,California
B-25777,59,-46,7,Clothing,T-shirt,UPI,North Dakota
B-25750,199,-18,2,Clothing,Saree,COD,New Mexico
B-25823,59,6,1,Electronics,Accessories,UPI,Florida
B-26096,45,9,3,Clothing,Leggings,UPI,Oklahoma
B-25757,211,19,8,Clothing,Stole,COD,Colorado
B-25698,65,-16,2,Electronics,Phones,Debit Card,Vermont
B-25710,25,0,4,Clothing,Skirt,UPI,Delaware
B-25994,196,-7,5,Electronics,Phones,COD,Washington
B-25950,261,13,6,Clothing,Shirt,Credit Card,Maryland
B-25653,195,-117,5,Electronics,Phones,COD,North Dakota
B-25785,192,-146,3,Clothing,Saree,COD,Minnesota
B-25863,189,87,7,Clothing,Stole,COD,New Mexico
B-25959,32,2,2,Clothing,Kurti,UPI,Alabama
B-25991,188,13,7,Clothing,Shirt,COD,South Dakota
B-25680,73,-25,3,Clothing,Saree,COD,Wyoming
B-25910,259,47,5,Clothing,Hankerchief,Credit Card,New Hampshire
B-25737,187,-15,3,Clothing,Trousers,COD,Ohio
B-25853,26,11,2,Clothing,Hankerchief,UPI,Kentucky
B-26097,185,-26,6,Furniture,Chairs,COD,Maryland
B-25875,248,8,2,Clothing,Saree,Credit Card,Utah
B-26031,67,9,4,Clothing,Leggings,Debit Card,Iowa
B-25773,248,-70,3,Furniture,Chairs,Credit Card,Tennessee
B-25840,246,61,2,Furniture,Bookcases,Credit Card,Rhode Island
B-25908,179,-25,5,Clothing,Kurti,COD,Wisconsin
B-26041,176,-28,5,Furniture,Furnishings,COD,Montana
B-26010,176,-13,5,Furniture,Furnishings,COD,South Dakota
B-25640,68,-62,2,Clothing,Trousers,Debit Card,Nebraska
B-25794,176,37,6,Electronics,Accessories,COD,Texas
B-25987,88,11,7,Clothing,Hankerchief,UPI,Ohio
B-25615,68,20,5,Clothing,Hankerchief,Debit Card,Nevada
B-25997,231,99,2,Electronics,Electronic Games,Credit Card,Mississippi
B-25981,62,8,2,Clothing,T-shirt,UPI,Oklahoma
B-25791,175,77,3,Clothing,Saree,COD,West Virginia
B-25986,71,4,5,Clothing,Leggings,Debit Card,West Virginia
B-25652,174,-70,3,Electronics,Accessories,COD,Oklahoma
B-25952,173,69,3,Furniture,Chairs,COD,Washington
B-25898,171,2,2,Electronics,Electronic Games,COD,Vermont
B-25785,268,-25,3,Clothing,Saree,COD,Maine
B-25990,71,32,3,Clothing,Saree,Debit Card,New Jersey
B-26091,29,10,4,Clothing,Hankerchief,UPI,South Dakota
B-25604,65,17,2,Clothing,T-shirt,UPI,Nevada
B-25754,72,-46,7,Clothing,Kurti,Debit Card,Indiana
B-25724,168,-51,2,Furniture,Bookcases,COD,Indiana
B-25757,165,30,3,Clothing,Stole,COD,Illinois
B-25767,74,-59,2,Electronics,Accessories,Debit Card,New Hampshire
B-25886,89,17,2,Clothing,Stole,UPI,Montana
B-25621,228,63,3,Electronics,Electronic Games,Credit Card,Hawaii
B-25967,119,-24,4,Furniture,Furnishings,COD,Nebraska
B-25691,75,-25,3,Clothing,Stole,UPI,Arizona
B-25953,67,20,4,Clothing,T-shirt,UPI,Hawaii
B-25651,7,0,1,Clothing,Leggings,COD,Washington
B-25828,222,35,5,Clothing,Saree,Credit Card,Florida
B-25628,219,-9,4,Clothing,Saree,Credit Card,Missouri
B-25703,42,-23,2,Furniture,Furnishings,UPI,West Virginia
B-25929,216,-135,3,Furniture,Chairs,Credit Card,Massachusetts
B-25748,47,-21,2,Electronics,Electronic Games,COD,Tennessee
B-25610,68,-55,5,Electronics,Accessories,UPI,Nevada
B-25903,74,33,2,Clothing,Shirt,Debit Card,Minnesota
B-25878,165,46,3,Furniture,Furnishings,COD,Louisiana
B-26056,101,11,2,Clothing,Hankerchief,UPI,Vermont
B-26004,162,73,2,Electronics,Electronic Games,COD,New York
B-25699,20,-22,1,Furniture,Furnishings,UPI,Alabama
B-26053,162,55,3,Clothing,Stole,COD,Missouri
B-25654,229,-23,2,Clothing,Saree,UPI,Florida
B-25954,27,0,2,Clothing,Leggings,COD,Colorado
B-25910,685,7,7,Clothing,Trousers,UPI,Minnesota
B-26064,75,2,5,Clothing,Leggings,Debit Card,New Hampshire
B-25983,161,-229,8,Furniture,Furnishings,COD,Kentucky
B-26002,71,19,3,Clothing,T-shirt,COD,West Virginia
B-25650,211,-105,2,Clothing,Saree,Credit Card,Utah
B-26043,79,5,6,Clothing,Hankerchief,Debit Card,Iowa
B-25657,32,-22,5,Clothing,Saree,UPI,South Dakota
B-25838,161,40,3,Clothing,Stole,COD,Kansas
B-25651,159,4,1,Clothing,Saree,COD,Maine
B-25808,210,-50,4,Clothing,Hankerchief,Credit Card,Kentucky
B-25973,79,39,2,Clothing,Shirt,Debit Card,Alaska
B-25698,207,153,3,Clothing,Saree,Credit Card,Illinois
B-25818,36,0,4,Clothing,Kurti,COD,Wyoming
B-26061,206,12,1,Electronics,Printers,Credit Card,South Dakota
B-25878,46,0,4,Clothing,Leggings,COD,Montana
B-26054,156,23,3,Clothing,Stole,COD,Maine
B-25809,154,54,3,Clothing,Hankerchief,COD,Kansas
B-26042,36,15,3,Clothing,Stole,UPI,Tennessee
B-26008,206,51,4,Clothing,Hankerchief,Credit Card,Idaho
B-25927,200,7,4,Electronics,Electronic Games,Credit Card,Kentucky
B-26008,199,-1,1,Clothing,Saree,Credit Card,Michigan
B-25753,154,22,7,Clothing,T-shirt,COD,Texas
B-25948,152,23,3,Furniture,Furnishings,COD,Arkansas
B-26094,152,50,6,Clothing,Stole,COD,Washington
B-25654,122,-21,3,Furniture,Furnishings,UPI,Tennessee
B-25854,149,48,6,Clothing,Stole,COD,Missouri
B-25623,149,-87,4,Clothing,Saree,COD,Maine
B-25985,197,20,4,Clothing,Kurti,Credit Card,West Virginia
B-25723,76,-54,3,Electronics,Electronic Games,COD,Utah
B-25751,221,-15,2,Electronics,Electronic Games,COD,New Jersey
B-26050,79,32,3,Clothing,Saree,Debit Card,Georgia
B-25800,45,12,7,Clothing,Hankerchief,UPI,Idaho
B-25673,149,-1,1,Clothing,Saree,COD,Arkansas
B-26002,80,22,3,Clothing,Stole,Debit Card,West Virginia
B-26009,195,12,9,Clothing,Shirt,Credit Card,Illinois
B-25754,19,0,3,Clothing,Skirt,UPI,Vermont
B-25953,81,41,3,Clothing,Stole,Debit Card,Vermont
B-26039,83,34,5,Clothing,Shirt,Debit Card,Kentucky
B-26001,149,17,4,Furniture,Furnishings,COD,Massachusetts
B-25620,193,46,1,Electronics,Printers,Credit Card,Hawaii
B-26051,85,24,10,Clothing,Hankerchief,Debit Card,Ohio
B-25673,44,-17,5,Clothing,Saree,UPI,Utah
B-25721,149,-40,2,Electronics,Phones,COD,Nebraska
B-25764,26,0,2,Clothing,Kurti,COD,Alabama
B-25645,86,0,4,Clothing,T-shirt,Debit Card,Oregon
B-26066,86,22,2,Clothing,Saree,Debit Card,Michigan
B-26003,79,16,3,Clothing,T-shirt,COD,Idaho
B-25712,193,-275,3,Electronics,Phones,Credit Card,Connecticut
B-25796,148,0,3,Clothing,Saree,COD,Nevada
B-25738,70,-14,2,Furniture,Furnishings,UPI,Georgia
B-25771,148,59,3,Clothing,Hankerchief,COD,Louisiana
B-25950,190,19,9,Furniture,Furnishings,Credit Card,South Dakota
B-26038,52,14,2,Clothing,Stole,COD,South Dakota
B-26004,147,44,3,Clothing,Saree,COD,Connecticut
B-25896,190,68,8,Clothing,T-shirt,Credit Card,Nevada
B-25601,80,-56,4,Electronics,Electronic Games,UPI,Georgia
B-25952,147,48,3,Clothing,Saree,COD,Indiana
B-25873,66,12,3,Clothing,Stole,COD,California
B-25844,86,8,2,Clothing,Saree,Debit Card,Indiana
B-26054,88,19,2,Clothing,Shirt,Debit Card,Alabama
B-25953,188,-193,2,Electronics,Electronic Games,Credit Card,Colorado
B-25951,89,29,2,Clothing,Stole,UPI,Hawaii
B-26065,146,19,5,Clothing,Stole,COD,Mississippi
B-26033,143,32,1,Furniture,Bookcases,COD,Utah
B-25781,25,-1,4,Clothing,Kurti,COD,Ohio
B-26043,30,12,3,Clothing,Skirt,UPI,Texas
B-25787,140,-58,4,Furniture,Furnishings,COD,Mississippi
B-25664,83,-48,1,Furniture,Bookcases,UPI,Missouri
B-25825,140,6,5,Clothing,Saree,COD,Oklahoma
B-25818,28,14,4,Clothing,Hankerchief,COD,North Dakota
B-25765,139,14,3,Clothing,Stole,COD,Ohio
B-25853,30,14,3,Clothing,Hankerchief,UPI,New York
B-26030,89,36,3,Clothing,Shirt,UPI,Washington
B-25730,187,30,4,Electronics,Accessories,Credit Card,Minnesota
B-26054,139,21,3,Electronics,Accessories,COD,South Dakota
B-25773,437,-14,2,Clothing,Saree,UPI,Oklahoma
B-25717,138,-3,5,Clothing,Saree,COD,South Dakota
B-26010,85,13,2,Clothing,Shirt,UPI,Arkansas
B-25893,83,12,3,Clothing,Stole,UPI,Georgia
B-26076,91,22,2,Clothing,Stole,UPI,Connecticut
B-25803,137,5,5,Clothing,Shirt,COD,Delaware
B-25709,33,-12,7,Clothing,Saree,UPI,Minnesota
B-25755,134,-34,2,Furniture,Chairs,COD,South Dakota
B-25684,134,42,2,Furniture,Chairs,COD,North Carolina
B-25739,133,-56,2,Furniture,Chairs,COD,Maine
B-26081,93,-84,3,Clothing,Saree,UPI,West Virginia
B-25662,86,-21,1,Electronics,Electronic Games,UPI,New Jersey
B-25845,132,54,5,Clothing,Stole,COD,Nevada
B-26085,132,-10,3,Clothing,Saree,COD,Vermont
B-25745,132,-79,5,Furniture,Furnishings,COD,Hawaii
B-25999,93,-65,4,Clothing,Stole,UPI,Minnesota
B-26082,95,5,2,Clothing,Stole,UPI,Tennessee
B-26097,97,12,2,Clothing,Hankerchief,UPI,Nebraska
B-25731,131,-154,8,Furniture,Furnishings,COD,Florida
B-25625,97,29,2,Clothing,Hankerchief,UPI,Delaware
B-25853,128,4,3,Clothing,Saree,COD,California
B-25703,186,241,9,Clothing,Shirt,Credit Card,Rhode Island
B-26003,128,47,4,Clothing,Hankerchief,COD,Michigan
B-25803,185,48,4,Clothing,Stole,Credit Card,Louisiana
B-25719,29,10,2,Clothing,Stole,COD,New York
B-25883,127,29,3,Furniture,Furnishings,COD,Georgia
B-25891,97,36,7,Clothing,Hankerchief,UPI,California
B-25821,125,0,3,Electronics,Accessories,COD,Louisiana
B-25646,299,-8,2,Clothing,Saree,COD,Alabama
B-25874,124,54,5,Clothing,T-shirt,COD,South Carolina
B-25717,90,17,3,Clothing,Shirt,COD,Texas
B-26073,122,11,4,Clothing,Hankerchief,COD,Montana
B-25800,122,-66,9,Electronics,Accessories,COD,Wyoming
B-25991,90,30,2,Furniture,Chairs,UPI,Oregon
B-25638,182,-11,3,Furniture,Bookcases,Credit Card,New Mexico
B-26021,122,59,7,Furniture,Furnishings,COD,Ohio
B-25882,121,19,4,Clothing,Stole,COD,Arkansas
B-26053,120,1,1,Furniture,Chairs,COD,New Hampshire
B-25951,120,23,5,Clothing,Stole,COD,South Carolina
B-25757,34,-11,5,Clothing,T-shirt,COD,Indiana
B-25777,117,17,6,Clothing,Kurti,COD,Oregon
B-26040,38,9,2,Clothing,Stole,COD,Connecticut
B-25696,117,-6,3,Electronics,Phones,COD,Hawaii
B-25977,180,54,4,Clothing,T-shirt,Credit Card,Florida
B-25743,99,-5,1,Clothing,Saree,UPI,California
B-25651,172,-103,3,Furniture,Chairs,EMI,Kentucky
B-25603,116,16,4,Clothing,Stole,COD,Wisconsin
B-25696,116,-4,1,Clothing,Saree,COD,Delaware
B-26037,171,68,7,Clothing,Stole,EMI,Connecticut
B-26098,46,14,5,Clothing,Skirt,COD,Virginia
B-25697,115,-39,3,Clothing,Trousers,COD,South Dakota
B-25920,100,7,2,Clothing,T-shirt,UPI,Connecticut
B-25993,44,8,2,Clothing,Stole,COD,Pennsylvania
B-26089,139,14,3,Clothing,Kurti,COD,West Virginia
B-25960,171,-140,2,Furniture,Bookcases,EMI,Maine
B-25917,100,12,2,Clothing,T-shirt,UPI,New Jersey
B-25825,115,25,6,Clothing,Stole,COD,Indiana
B-25696,168,-9,3,Clothing,Saree,COD,Kentucky
B-25972,115,47,2,Electronics,Accessories,COD,New York
B-25602,168,-111,2,Electronics,Phones,EMI,Ohio
B-25736,31,-7,5,Clothing,Skirt,UPI,Washington
B-26003,114,41,6,Furniture,Furnishings,COD,Maine
B-25970,111,9,4,Clothing,Stole,COD,Connecticut
B-25742,11,-8,2,Clothing,Skirt,UPI,Maryland
B-25770,110,35,1,Furniture,Furnishings,COD,Washington
B-26098,59,15,2,Clothing,T-shirt,UPI,West Virginia
B-26050,166,27,2,Electronics,Accessories,EMI,Kansas
B-25778,109,-6,6,Clothing,Saree,COD,Nevada
B-25652,34,-6,4,Clothing,Leggings,COD,Massachusetts
B-25999,109,40,1,Furniture,Furnishings,COD,New Jersey
B-25909,108,22,3,Electronics,Accessories,COD,Mississippi
B-25823,103,50,2,Furniture,Furnishings,UPI,Oregon
B-25701,10,-8,2,Clothing,Skirt,COD,Georgia
B-25855,90,17,3,Clothing,Hankerchief,COD,Arizona
B-25654,105,46,2,Clothing,Stole,UPI,Alaska
B-25623,105,20,2,Clothing,Stole,Debit Card,New Mexico
B-25641,22,-6,1,Furniture,Furnishings,COD,West Virginia
B-25852,105,-33,5,Clothing,Kurti,COD,South Dakota
B-25958,105,25,2,Clothing,Hankerchief,EMI,New Hampshire
B-25802,25,-7,5,Clothing,Saree,UPI,Nevada
B-25823,104,2,2,Furniture,Furnishings,COD,New York
B-25834,16,5,1,Clothing,Stole,UPI,Nevada
B-25678,64,-7,3,Clothing,Saree,COD,Kansas
B-25774,38,-6,2,Furniture,Furnishings,UPI,North Carolina
B-25904,83,12,2,Furniture,Chairs,COD,Mississippi
B-25896,103,36,2,Clothing,Hankerchief,COD,Delaware
B-25796,37,-6,1,Clothing,Saree,UPI,Alaska
B-25934,105,33,6,Clothing,Saree,EMI,Michigan
B-25750,78,-6,2,Furniture,Furnishings,UPI,Kentucky
B-25761,102,-90,1,Clothing,Saree,COD,Maine
B-25912,102,11,6,Clothing,T-shirt,COD,Oklahoma
B-25751,10,-8,1,Clothing,Kurti,UPI,Vermont
B-25656,101,18,9,Clothing,Skirt,COD,Montana
B-25647,42,-6,4,Clothing,Saree,UPI,Delaware
B-25861,56,18,2,Clothing,Hankerchief,UPI,Minnesota
B-25802,95,5,2,Clothing,Stole,COD,Illinois
B-25901,159,2,3,Furniture,Furnishings,EMI,Rhode Island
B-25623,158,69,3,Clothing,Stole,EMI,Oregon
B-25751,106,0,2,Electronics,Phones,EMI,Nebraska
B-26052,101,16,4,Clothing,T-shirt,COD,Wyoming
B-25886,107,37,3,Clothing,Shirt,COD,New Jersey
B-25804,156,36,5,Clothing,T-shirt,EMI,Idaho
B-25734,108,-19,3,Electronics,Electronic Games,UPI,Alaska
B-25610,107,-54,4,Clothing,Stole,EMI,Hawaii
B-25711,100,-58,4,Clothing,Hankerchief,COD,Idaho
B-25985,108,26,4,Clothing,Shirt,UPI,Connecticut
B-25864,100,6,4,Clothing,Stole,COD,Wisconsin
B-25648,100,-23,1,Electronics,Phones,COD,Georgia
B-26086,43,17,2,Clothing,T-shirt,UPI,North Dakota
B-25835,155,26,3,Clothing,Stole,EMI,Mississippi
B-25949,151,9,3,Clothing,Hankerchief,EMI,Pennsylvania
B-25930,151,29,5,Clothing,Hankerchief,EMI,Kentucky
B-25655,110,-68,4,Clothing,Saree,EMI,Maryland
B-25757,98,9,2,Furniture,Furnishings,COD,Montana
B-25655,97,-62,2,Clothing,Trousers,COD,South Dakota
B-26033,111,35,5,Clothing,Shirt,COD,Massachusetts
B-26083,45,17,1,Electronics,Accessories,COD,West Virginia
B-25805,112,15,2,Furniture,Chairs,COD,Kentucky
B-25955,110,20,5,Clothing,Stole,Debit Card,Washington
B-25762,98,-5,2,Clothing,Saree,UPI,Rhode Island
B-25919,110,12,7,Clothing,Stole,Debit Card,Tennessee
B-25853,95,11,4,Furniture,Furnishings,COD,Washington
B-25925,1228,14,3,Furniture,Chairs,UPI,New Mexico
B-26023,29,0,3,Furniture,Furnishings,COD,Nebraska
B-26055,94,27,2,Clothing,T-shirt,COD,Idaho
B-25653,115,25,1,Electronics,Accessories,COD,Nebraska
B-25893,149,15,3,Clothing,Saree,EMI,Rhode Island
B-26052,148,23,4,Clothing,Kurti,EMI,Oregon
B-25830,93,15,2,Electronics,Accessories,COD,Illinois
B-26040,113,24,4,Clothing,Hankerchief,Debit Card,Wisconsin
B-25981,48,2,3,Clothing,Stole,COD,Mississippi
B-25954,148,9,1,Electronics,Electronic Games,UPI,North Dakota
B-25889,114,11,4,Clothing,T-shirt,Debit Card,Nebraska
B-25810,92,42,2,Clothing,Stole,COD,Nevada
B-25637,117,14,3,Clothing,Shirt,UPI,Louisiana
B-25801,21,-10,4,Clothing,Leggings,COD,Montana
B-25783,33,-10,6,Clothing,Leggings,UPI,Georgia
B-25697,114,8,3,Electronics,Accessories,Debit Card,North Dakota
B-26028,115,0,1,Electronics,Accessories,Debit Card,Arkansas
B-25851,90,29,5,Clothing,T-shirt,COD,North Carolina
B-25938,61,1,2,Furniture,Furnishings,COD,Maryland
B-25820,119,1,1,Furniture,Chairs,COD,Maryland
B-25850,117,36,2,Clothing,Trousers,Debit Card,Indiana
B-25924,148,54,2,Furniture,Chairs,UPI,Nevada
B-25609,249,-5,4,Clothing,Saree,COD,Massachusetts
B-25898,147,73,3,Clothing,Stole,UPI,Wisconsin
B-25814,118,35,7,Clothing,T-shirt,EMI,Connecticut
B-26087,119,56,7,Clothing,Saree,EMI,Kentucky
B-25901,90,27,2,Clothing,T-shirt,COD,Nevada
B-26025,32,1,2,Clothing,Stole,COD,Rhode Island
B-25631,89,-89,2,Furniture,Furnishings,COD,Michigan
B-25954,146,66,1,Electronics,Phones,UPI,Arkansas
B-25956,89,-37,4,Clothing,Shirt,COD,Oklahoma
B-26096,88,11,3,Electronics,Accessories,COD,Iowa
B-25862,121,41,4,Clothing,Stole,EMI,Wyoming
B-26054,88,20,2,Clothing,Saree,COD,Kentucky
B-25698,87,-83,5,Clothing,Kurti,COD,Vermont
B-25606,87,4,2,Clothing,Shirt,COD,Michigan
B-25928,122,15,3,Electronics,Accessories,EMI,Wisconsin
B-26005,87,10,3,Clothing,Stole,COD,Rhode Island
B-25963,53,8,3,Furniture,Furnishings,UPI,New Jersey
B-25952,87,-32,9,Clothing,Skirt,COD,Utah
B-25683,86,-55,6,Clothing,Saree,COD,Montana
B-25914,125,22,3,Clothing,Stole,EMI,New Jersey
B-25828,128,-3,3,Clothing,Saree,Debit Card,Colorado
B-25743,143,-124,5,Clothing,Saree,UPI,Tennessee
B-26085,86,22,2,Clothing,Saree,COD,Nevada
B-25869,86,9,3,Clothing,Saree,COD,Oregon
B-25773,85,-9,4,Clothing,Saree,COD,Massachusetts
B-25700,129,-75,5,Clothing,Shirt,Debit Card,Mississippi
B-25921,84,-42,2,Electronics,Accessories,COD,Wyoming
B-25730,83,-81,3,Furniture,Chairs,COD,Maine
B-26083,143,6,2,Electronics,Accessories,UPI,Tennessee
B-25849,336,123,3,Electronics,Phones,UPI,Rhode Island
B-25909,323,122,5,Electronics,Phones,UPI,West Virginia
B-26038,130,61,3,Clothing,Shirt,Debit Card,South Carolina
B-25999,152,-3,5,Clothing,Saree,COD,Maine
B-25928,25,10,1,Furniture,Furnishings,UPI,Wyoming
B-25878,140,15,5,Clothing,Stole,UPI,New Mexico
B-25843,45,0,2,Clothing,Stole,UPI,Texas
B-25959,132,49,3,Clothing,Shirt,COD,Alaska
B-25630,133,12,5,Clothing,Stole,Debit Card,Louisiana
B-25858,82,13,2,Clothing,Shirt,COD,New Jersey
B-26096,140,56,4,Clothing,Shirt,UPI,Alaska
B-25838,81,19,7,Clothing,Hankerchief,COD,Virginia
B-25943,137,38,5,Clothing,Hankerchief,Debit Card,Louisiana
B-25780,137,-41,3,Electronics,Phones,Debit Card,Arkansas
B-25949,140,57,2,Clothing,Trousers,Debit Card,Washington
B-25892,139,30,3,Clothing,Shirt,UPI,Iowa
B-26054,138,11,5,Clothing,Stole,UPI,Florida
B-25988,79,-124,9,Clothing,Skirt,COD,Kentucky
B-25939,136,41,3,Electronics,Accessories,UPI,Vermont
B-26083,145,16,3,Clothing,T-shirt,Debit Card,Iowa
B-26078,44,20,2,Clothing,T-shirt,UPI,Massachusetts
B-25902,79,6,7,Clothing,Saree,COD,Missouri
B-25676,79,36,4,Clothing,Shirt,COD,Minnesota
B-26016,134,-13,3,Electronics,Electronic Games,UPI,Minnesota
B-25950,133,5,5,Clothing,Stole,UPI,South Dakota
B-26056,47,20,7,Clothing,Hankerchief,UPI,Arkansas
B-25645,133,-42,1,Electronics,Printers,UPI,Oklahoma
B-25906,78,27,3,Clothing,Stole,COD,Georgia
B-26017,78,7,1,Furniture,Chairs,COD,Vermont
B-25644,76,-92,8,Furniture,Furnishings,COD,Ohio
B-25679,76,-50,1,Clothing,Saree,COD,Oregon
B-25854,76,19,3,Clothing,Hankerchief,COD,Texas
B-25670,74,29,3,Clothing,Stole,COD,Florida
B-25792,74,-25,3,Clothing,Stole,COD,Nebraska
B-25808,146,-63,3,Electronics,Electronic Games,Debit Card,Michigan
B-25750,73,-31,1,Furniture,Bookcases,COD,Pennsylvania
B-26051,80,22,3,Clothing,Stole,UPI,Montana
B-26076,133,46,5,Clothing,Shirt,EMI,Iowa
B-25946,146,7,2,Electronics,Phones,Debit Card,Utah
B-25648,130,-41,4,Clothing,Saree,EMI,Alaska
B-25992,141,41,3,Clothing,Shirt,UPI,New Mexico
B-25848,147,21,3,Furniture,Furnishings,Debit Card,Mississippi
B-25697,73,-7,1,Electronics,Phones,COD,Virginia
B-25659,148,72,7,Clothing,T-shirt,Debit Card,California
B-25716,58,0,4,Clothing,Saree,UPI,Delaware
B-25652,21,-13,3,Clothing,Leggings,UPI,Tennessee
B-26093,148,25,3,Clothing,Saree,Debit Card,Nebraska
B-25725,144,-7,4,Electronics,Electronic Games,COD,Maine
B-25661,145,-104,5,Furniture,Chairs,UPI,North Dakota
B-25693,72,-49,1,Electronics,Phones,COD,Alaska
B-25910,125,15,5,Clothing,Shirt,EMI,West Virginia
B-25943,149,15,3,Clothing,Saree,Debit Card,Minnesota
B-26100,72,16,2,Clothing,Shirt,COD,Louisiana
B-25830,71,0,8,Clothing,Skirt,COD,Oregon
B-25932,71,-14,4,Furniture,Furnishings,COD,North Dakota
B-25929,154,-85,3,Furniture,Chairs,EMI,Louisiana
B-25708,191,13,8,Furniture,Furnishings,COD,Maryland
B-25921,170,19,5,Clothing,T-shirt,UPI,Delaware
B-25755,47,-3,2,Clothing,Stole,UPI,Kentucky
B-25640,122,-47,4,Clothing,Saree,EMI,Vermont
B-25838,70,26,5,Clothing,Hankerchief,COD,West Virginia
B-26025,155,5,3,Clothing,Stole,EMI,Montana
B-25789,67,-86,9,Furniture,Furnishings,COD,Alaska
B-25697,67,-42,3,Clothing,Stole,COD,Florida
B-25797,148,-101,2,Furniture,Bookcases,UPI,Wisconsin
B-26064,122,38,6,Clothing,T-shirt,Credit Card,Georgia
B-25732,16,-5,2,Clothing,Stole,UPI,Oregon
B-25654,121,-17,3,Furniture,Furnishings,Credit Card,Connecticut
B-25750,42,-15,12,Clothing,Skirt,UPI,Virginia
B-25751,65,-4,6,Clothing,Hankerchief,COD,Louisiana
B-25889,119,-43,7,Clothing,Kurti,Credit Card,Iowa
B-25683,155,56,3,Furniture,Furnishings,EMI,New York
B-25602,119,-5,8,Clothing,Saree,Credit Card,Michigan
B-25871,118,25,4,Clothing,Hankerchief,Credit Card,Oklahoma
B-25953,116,22,1,Electronics,Accessories,Credit Card,New Hampshire
B-25950,158,-29,10,Clothing,Hankerchief,EMI,New Hampshire
B-26091,158,69,3,Clothing,Stole,EMI,Virginia
B-25753,65,-52,3,Electronics,Accessories,COD,Massachusetts
B-25611,160,-59,2,Clothing,Saree,EMI,Arkansas
B-25935,162,20,3,Furniture,Chairs,EMI,West Virginia
B-25886,63,1,4,Clothing,T-shirt,COD,Michigan
B-25833,64,27,5,Clothing,Hankerchief,UPI,North Dakota
B-25665,166,-113,4,Electronics,Accessories,EMI,Alabama
B-25694,167,43,7,Clothing,T-shirt,EMI,North Carolina
B-25668,123,17,3,Furniture,Furnishings,COD,Wisconsin
B-25945,63,14,2,Clothing,Shirt,COD,Alabama
B-25954,891,0,5,Clothing,Saree,COD,Mississippi
B-25818,75,28,9,Clothing,Hankerchief,UPI,New Hampshire
B-25861,62,6,5,Clothing,Hankerchief,COD,Pennsylvania
B-25721,29,-18,7,Clothing,Skirt,UPI,Washington
B-26024,168,18,6,Clothing,Stole,Debit Card,Oklahoma
B-26056,70,24,3,Clothing,Stole,UPI,Virginia
B-26050,169,55,4,Clothing,Saree,Debit Card,Nevada
B-25708,32,-8,2,Clothing,Stole,COD,Mississippi
B-25651,44,-8,3,Clothing,Stole,UPI,South Carolina
B-25616,116,-56,5,Clothing,Stole,Credit Card,Pennsylvania
B-25827,156,21,3,Furniture,Chairs,COD,New Hampshire
B-25996,62,6,6,Clothing,Skirt,COD,Ohio
B-25830,54,1,2,Clothing,Saree,UPI,Pennsylvania
B-25951,111,11,9,Clothing,Hankerchief,Credit Card,Tennessee
B-25713,158,-63,4,Furniture,Chairs,UPI,North Dakota
B-25678,7,-3,2,Clothing,Skirt,UPI,Maine
B-25901,61,28,2,Clothing,Hankerchief,UPI,Maryland
B-25798,61,-50,4,Clothing,Hankerchief,COD,Colorado
B-25902,154,26,4,Electronics,Accessories,COD,Maryland
B-25851,62,1,3,Clothing,Saree,COD,Oklahoma
B-25944,169,38,3,Clothing,Saree,Debit Card,Virginia
B-25939,61,18,2,Electronics,Accessories,COD,Kentucky
B-25656,61,-23,2,Clothing,Saree,COD,South Carolina
B-25695,171,14,9,Clothing,Shirt,Debit Card,Florida
B-25781,60,-49,8,Clothing,Hankerchief,COD,Mississippi
B-25783,25,-11,1,Clothing,Stole,UPI,Rhode Island
B-25867,163,26,4,Clothing,Shirt,COD,South Dakota
B-25993,173,86,1,Electronics,Printers,Debit Card,Iowa
B-25755,257,-3,2,Furniture,Bookcases,UPI,Idaho
B-25880,108,37,2,Clothing,Stole,Credit Card,Wyoming
B-25941,177,41,4,Clothing,Shirt,Debit Card,California
B-25757,106,15,7,Clothing,Hankerchief,Credit Card,Missouri
B-25754,41,-14,5,Clothing,Leggings,UPI,Washington
B-25653,168,-10,3,Electronics,Accessories,UPI,Utah
B-25821,60,21,4,Clothing,Stole,COD,Tennessee
B-25706,31,-11,4,Clothing,Stole,COD,Wisconsin
B-26064,179,0,2,Clothing,Saree,Debit Card,California
B-25803,106,12,3,Clothing,Trousers,Credit Card,Arkansas
B-26076,60,13,2,Clothing,T-shirt,COD,Tennessee
B-25603,180,5,3,Clothing,Trousers,Debit Card,Maryland
B-25903,60,-10,2,Furniture,Furnishings,COD,Ohio
B-25938,59,25,3,Clothing,Stole,COD,California
B-25868,170,73,2,Electronics,Accessories,UPI,Connecticut
B-25956,59,10,2,Clothing,Hankerchief,COD,Utah
B-25652,24,-21,7,Clothing,Skirt,COD,Ohio
B-25883,105,-26,8,Clothing,Leggings,Credit Card,Hawaii
B-26096,103,46,2,Clothing,Saree,Credit Card,Connecticut
B-25969,171,17,6,Clothing,T-shirt,UPI,Kansas
B-25951,102,13,2,Clothing,Stole,Credit Card,Alaska
B-25855,98,12,2,Clothing,Hankerchief,Credit Card,Texas
B-26091,59,10,4,Clothing,Leggings,COD,Arizona
B-25954,189,60,4,Furniture,Furnishings,Debit Card,Kansas
B-25763,58,-52,3,Furniture,Chairs,COD,Vermont
B-25945,60,3,3,Clothing,Saree,UPI,Massachusetts
B-25740,58,-8,2,Clothing,Saree,COD,Rhode Island
B-25818,94,20,2,Furniture,Furnishings,UPI,Mississippi
B-25603,193,-166,3,Clothing,Saree,EMI,New Hampshire
B-25964,199,0,4,Clothing,Stole,EMI,Alaska
B-25930,202,89,9,Clothing,T-shirt,EMI,North Dakota
B-25930,58,17,2,Clothing,Hankerchief,COD,Connecticut
B-25879,57,-28,2,Clothing,Kurti,COD,Maine
B-25903,204,-94,4,Clothing,Hankerchief,EMI,North Carolina
B-25614,98,-12,2,Electronics,Electronic Games,Credit Card,New Jersey
B-25750,22,-12,3,Clothing,Stole,COD,Illinois
B-25852,97,17,2,Clothing,Stole,Credit Card,Alaska
B-26008,57,24,5,Clothing,Leggings,COD,Wyoming
B-26092,97,14,2,Clothing,T-shirt,Credit Card,Maine
B-25689,97,17,2,Clothing,Stole,Credit Card,North Dakota
B-25730,96,22,5,Clothing,Stole,Credit Card,Rhode Island
B-25885,94,27,2,Clothing,Shirt,Credit Card,Arizona
B-25999,26,-17,1,Clothing,Stole,COD,Connecticut
B-26011,93,44,2,Clothing,Stole,Credit Card,Vermont
B-25754,93,-65,4,Clothing,Stole,Credit Card,Hawaii
B-26030,92,5,6,Clothing,Hankerchief,Credit Card,Georgia
B-25851,57,27,2,Clothing,T-shirt,COD,Oklahoma
B-25870,57,7,3,Furniture,Furnishings,COD,Washington
B-26074,57,21,4,Clothing,Leggings,COD,Florida
B-25861,128,4,3,Clothing,Saree,COD,Louisiana
B-25797,89,-4,5,Clothing,Saree,Credit Card,Vermont
B-25993,221,26,7,Furniture,Furnishings,COD,California
B-25799,205,-119,3,Clothing,Saree,Debit Card,Wisconsin
B-25721,191,51,5,Clothing,Shirt,UPI,North Dakota
B-26056,206,18,4,Clothing,Hankerchief,Debit Card,Wisconsin
B-25743,56,0,4,Clothing,Hankerchief,COD,Illinois
B-25854,88,16,4,Clothing,Stole,Credit Card,Minnesota
B-25748,224,58,3,Electronics,Phones,UPI,Minnesota
B-25976,193,8,4,Clothing,T-shirt,UPI,Minnesota
B-25953,87,36,5,Clothing,Stole,Credit Card,Oklahoma
B-25996,189,4,1,Clothing,Saree,UPI,Utah
B-25717,55,-33,2,Furniture,Chairs,COD,New York
B-25865,85,-1,3,Clothing,Saree,Credit Card,Massachusetts
B-25959,252,56,2,Electronics,Phones,UPI,Arkansas
B-25855,197,73,1,Furniture,Bookcases,COD,Tennessee
B-25703,17,-3,2,Clothing,Stole,UPI,South Carolina
B-26049,100,28,2,Clothing,Hankerchief,UPI,Indiana
B-25755,80,-19,5,Clothing,Stole,UPI,North Dakota
B-26070,75,29,1,Clothing,Trousers,UPI,Georgia
B-25755,26,4,2,Clothing,Saree,UPI,Oregon
B-26047,55,12,5,Clothing,Skirt,COD,Louisiana
B-25604,157,5,9,Clothing,Saree,UPI,Nevada
B-25651,200,-60,4,Furniture,Bookcases,UPI,Colorado
B-25983,230,5,2,Clothing,Saree,UPI,Oklahoma
B-26056,213,-145,3,Furniture,Bookcases,Debit Card,California
B-25940,55,4,2,Clothing,Stole,COD,Indiana
B-25766,220,-19,2,Clothing,Saree,Debit Card,Delaware
B-25935,150,32,3,Clothing,Hankerchief,COD,Delaware
B-25970,203,84,2,Electronics,Printers,UPI,Kentucky
B-26053,93,31,3,Electronics,Accessories,UPI,Connecticut
B-25947,290,35,6,Clothing,Hankerchief,COD,Rhode Island
B-25856,48,6,1,Clothing,Saree,COD,Louisiana
B-26030,221,35,4,Electronics,Accessories,Debit Card,Delaware
B-26069,55,18,2,Clothing,Kurti,COD,Hawaii
B-25653,227,102,8,Electronics,Accessories,Debit Card,California
B-25627,55,-39,4,Clothing,Stole,COD,California
B-25947,207,33,2,Electronics,Accessories,UPI,New Mexico
B-25801,64,6,4,Clothing,Saree,COD,Connecticut
B-25964,89,6,5,Clothing,Saree,COD,Nevada
B-25950,54,27,2,Clothing,Stole,COD,Florida
B-25878,84,41,3,Clothing,T-shirt,Credit Card,Iowa
B-25773,209,-21,2,Electronics,Electronic Games,UPI,Alabama
B-26081,79,33,4,Clothing,Stole,UPI,Connecticut
B-26027,54,8,4,Clothing,T-shirt,COD,Oklahoma
B-25967,229,59,9,Clothing,Saree,Debit Card,Georgia
B-25901,158,38,3,Clothing,Hankerchief,UPI,Illinois
B-25951,248,105,2,Electronics,Phones,Debit Card,Connecticut
B-25853,199,6,2,Clothing,Saree,UPI,Texas
B-25923,253,-11,1,Clothing,Trousers,Debit Card,Delaware
B-25793,257,-252,4,Clothing,Saree,Debit Card,Wisconsin
B-26068,193,33,5,Electronics,Accessories,COD,Massachusetts
B-26080,109,35,6,Clothing,T-shirt,COD,Idaho
B-25843,214,30,3,Electronics,Accessories,COD,Florida
B-26002,141,7,7,Clothing,Saree,COD,Alaska
B-25993,201,32,4,Furniture,Furnishings,UPI,Vermont
B-26070,54,12,4,Clothing,Shirt,COD,New Jersey
B-25887,83,6,6,Clothing,Shirt,EMI,Ohio
B-25654,54,-3,3,Clothing,Saree,COD,Missouri
B-25898,53,5,3,Clothing,T-shirt,COD,Wisconsin
B-25664,258,-27,2,Electronics,Phones,Debit Card,Virginia
B-26012,199,8,2,Clothing,Saree,COD,North Dakota
B-25979,82,-27,3,Clothing,Kurti,EMI,Illinois
B-26054,139,36,3,Clothing,Stole,COD,West Virginia
B-25757,53,15,2,Clothing,Stole,COD,Maine
B-25623,53,1,4,Clothing,Stole,COD,Massachusetts
B-25824,101,38,2,Furniture,Furnishings,COD,Nevada
B-25754,262,215,2,Electronics,Printers,Debit Card,Delaware
B-25693,82,-39,5,Clothing,T-shirt,EMI,Nevada
B-25638,154,39,3,Clothing,Hankerchief,COD,Arkansas
B-25922,52,18,2,Clothing,Stole,COD,Washington
B-25919,1599,37,6,Electronics,Electronic Games,UPI,Utah
B-25989,338,41,7,Clothing,Hankerchief,UPI,Nevada
B-25999,51,-49,2,Electronics,Electronic Games,COD,New Mexico
B-25661,224,-81,3,Furniture,Chairs,COD,West Virginia
B-26099,207,37,4,Clothing,Hankerchief,COD,Wisconsin
B-25866,51,14,2,Clothing,Stole,COD,Utah
B-26098,82,8,3,Electronics,Accessories,EMI,Nevada
B-26062,50,-17,2,Clothing,Stole,COD,Florida
B-25761,263,-31,9,Electronics,Electronic Games,Debit Card,Minnesota
B-25843,50,7,6,Clothing,Skirt,COD,Wisconsin
B-25683,245,-3,4,Electronics,Phones,UPI,Louisiana
B-25959,82,24,6,Clothing,Hankerchief,EMI,West Virginia
B-25787,229,-41,8,Electronics,Accessories,COD,Connecticut
B-25951,50,14,1,Electronics,Electronic Games,COD,Alaska
B-26056,220,40,2,Electronics,Accessories,COD,Connecticut
B-25643,263,-63,2,Electronics,Electronic Games,Debit Card,Nebraska
B-26093,81,-41,5,Clothing,Leggings,EMI,Idaho
B-25775,50,-17,2,Clothing,Stole,COD,Wyoming
B-26093,49,5,4,Clothing,Hankerchief,COD,Montana
B-25851,237,47,9,Clothing,T-shirt,UPI,Texas
B-25685,264,-30,3,Furniture,Furnishings,Debit Card,Tennessee
B-25651,49,3,1,Clothing,Shirt,COD,Wisconsin
B-25793,63,-24,6,Clothing,Kurti,COD,Wisconsin
B-25708,81,-51,7,Clothing,Stole,EMI,Nebraska
B-25847,264,71,10,Furniture,Furnishings,Debit Card,Delaware
B-25954,48,11,2,Clothing,Shirt,COD,Utah
B-25997,48,15,1,Clothing,Hankerchief,COD,Virginia
B-25650,245,-78,2,Electronics,Printers,UPI,New York
B-25883,146,42,5,Clothing,Hankerchief,UPI,Alaska
B-25945,245,10,2,Furniture,Bookcases,COD,Kansas
B-25981,245,91,2,Furniture,Bookcases,UPI,Montana
B-25862,80,3,3,Clothing,Stole,EMI,Tennessee
B-25877,269,33,5,Furniture,Chairs,Debit Card,Wisconsin
B-26090,80,22,3,Clothing,Stole,EMI,Utah
B-26050,284,44,6,Clothing,Hankerchief,COD,Utah
B-26072,313,44,3,Electronics,Electronic Games,COD,Oregon
B-25916,80,-26,9,Clothing,Skirt,EMI,Delaware
B-25722,48,-8,8,Clothing,Stole,COD,Minnesota
B-25746,87,16,2,Clothing,Saree,UPI,Alabama
B-25753,47,-114,5,Furniture,Furnishings,COD,Montana
B-25956,140,28,2,Electronics,Phones,COD,Michigan
B-25996,47,1,2,Clothing,Stole,COD,North Dakota
B-25896,79,-2,2,Furniture,Furnishings,EMI,Virginia
B-25796,78,-64,7,Clothing,Stole,EMI,Idaho
B-25798,47,-3,2,Clothing,Stole,COD,Colorado
B-26043,185,48,4,Clothing,Stole,UPI,Minnesota
B-26028,77,36,2,Clothing,Shirt,EMI,Georgia
B-25812,259,47,5,Clothing,Hankerchief,UPI,Hawaii
B-25605,75,0,7,Clothing,Saree,EMI,Kansas
B-25702,75,0,3,Clothing,Shirt,EMI,Colorado
B-25940,46,0,4,Clothing,Leggings,COD,California
B-26087,46,13,3,Clothing,Hankerchief,COD,Kentucky
B-25955,200,13,5,Electronics,Phones,COD,Nevada
B-25626,46,-14,1,Electronics,Phones,COD,Florida
B-25811,126,52,4,Clothing,Hankerchief,UPI,Kentucky
B-25856,74,29,3,Clothing,Stole,EMI,Nevada
B-25628,45,13,4,Clothing,Skirt,COD,North Dakota
B-26016,74,9,3,Clothing,Shirt,UPI,Georgia
B-25999,129,11,2,Electronics,Phones,UPI,Mississippi
B-26043,122,50,7,Clothing,Stole,UPI,Florida
B-25743,74,-51,3,Clothing,Stole,UPI,Indiana
B-26014,278,39,5,Furniture,Chairs,Debit Card,New Hampshire
B-25876,282,14,4,Clothing,Trousers,Debit Card,Kansas
B-25785,45,0,2,Clothing,T-shirt,COD,Indiana
B-25810,45,6,3,Clothing,Shirt,COD,Hawaii
B-25833,45,16,3,Clothing,Stole,COD,Kentucky
B-25931,73,-36,3,Furniture,Chairs,UPI,Kentucky
B-25852,45,12,4,Clothing,Hankerchief,COD,Ohio
B-25738,72,-6,3,Clothing,Saree,UPI,Virginia
B-25921,71,-44,5,Electronics,Accessories,UPI,Oregon
B-25685,45,-2,4,Clothing,Shirt,COD,Nebraska
B-25996,286,140,6,Clothing,Shirt,Debit Card,South Carolina
B-25663,294,138,2,Electronics,Printers,Debit Card,North Carolina
B-25888,223,4,3,Electronics,Phones,COD,New Jersey
B-25677,20,-2,1,Electronics,Accessories,UPI,Oregon
B-26045,302,75,6,Furniture,Furnishings,Debit Card,Connecticut
B-26002,113,28,2,Clothing,Saree,UPI,Hawaii
B-25953,44,2,3,Clothing,Hankerchief,COD,Illinois
B-25617,305,-270,5,Electronics,Electronic Games,Debit Card,Georgia
B-25702,306,-147,3,Clothing,Saree,Debit Card,Vermont
B-25799,70,-64,5,Clothing,Stole,UPI,Connecticut
B-25985,44,11,4,Clothing,Stole,COD,Montana
B-25952,44,14,3,Clothing,Hankerchief,COD,Connecticut
B-25754,319,312,5,Clothing,Saree,Debit Card,Missouri
B-25770,287,-280,12,Furniture,Chairs,UPI,North Dakota
B-25954,44,10,3,Clothing,Stole,COD,Connecticut
B-25657,288,-180,4,Furniture,Chairs,COD,Louisiana
B-25801,49,-31,2,Clothing,Stole,COD,Michigan
B-26000,43,-10,4,Clothing,Skirt,COD,South Carolina
B-25897,43,5,3,Clothing,Stole,COD,Ohio
B-25681,68,-27,3,Electronics,Accessories,UPI,New Jersey
B-25852,320,144,1,Electronics,Printers,Debit Card,Maryland
B-26067,67,2,4,Clothing,T-shirt,UPI,Arizona
B-25601,66,-12,5,Clothing,Stole,UPI,Wisconsin
B-25804,321,26,3,Electronics,Printers,Debit Card,Michigan
B-25751,43,-5,2,Clothing,Saree,COD,New York
B-25630,114,-39,5,Clothing,Kurti,COD,Oklahoma
B-25899,43,17,1,Clothing,Saree,COD,Illinois
B-25751,43,21,3,Clothing,Shirt,COD,Minnesota
B-26081,637,50,5,Clothing,Saree,COD,Oklahoma
B-25851,300,42,2,Electronics,Printers,COD,Ohio
B-26036,341,44,7,Furniture,Furnishings,UPI,Missouri
B-25704,102,0,3,Electronics,Phones,COD,Mississippi
B-25761,328,-15,3,Electronics,Electronic Games,Debit Card,Nevada
B-25978,341,160,7,Clothing,Stole,Debit Card,Maryland
B-26077,62,11,7,Clothing,Hankerchief,UPI,Idaho
B-25981,42,13,3,Clothing,Leggings,COD,South Dakota
B-26043,62,28,5,Clothing,Hankerchief,UPI,Nebraska
B-25896,42,7,2,Clothing,Kurti,COD,Washington
B-25790,42,-3,1,Electronics,Electronic Games,COD,Alabama
B-25789,313,-13,5,Furniture,Bookcases,UPI,Colorado
B-26061,109,52,2,Clothing,Stole,UPI,Maine
B-25923,226,58,3,Electronics,Accessories,COD,Colorado
B-25868,62,-1,1,Electronics,Phones,UPI,Georgia
B-25777,61,-25,4,Electronics,Accessories,UPI,North Carolina
B-25999,222,74,5,Clothing,Hankerchief,COD,Kansas
B-25854,342,-154,7,Furniture,Furnishings,Debit Card,Kansas
B-25667,344,-34,3,Clothing,Saree,Debit Card,Vermont
B-25829,345,38,7,Clothing,Hankerchief,Debit Card,Illinois
B-25705,46,0,2,Electronics,Electronic Games,COD,Connecticut
B-25843,255,74,5,Clothing,Hankerchief,COD,Wyoming
B-25958,360,32,3,Clothing,Saree,UPI,California
B-25893,372,59,3,Electronics,Printers,UPI,Connecticut
B-25855,61,30,2,Clothing,Hankerchief,UPI,Washington
B-25616,42,12,5,Clothing,Hankerchief,COD,Michigan
B-25630,42,-26,2,Clothing,Kurti,COD,Vermont
B-25936,61,25,4,Clothing,Saree,UPI,Nevada
B-25830,41,11,6,Clothing,Hankerchief,COD,Michigan
B-25930,40,13,3,Clothing,T-shirt,COD,Utah
B-25808,59,21,2,Clothing,Stole,UPI,Michigan
B-25979,57,27,2,Clothing,Shirt,UPI,Louisiana
B-25687,17,6,1,Clothing,Stole,UPI,Minnesota
B-26087,40,10,2,Clothing,Stole,COD,Delaware
B-25764,349,-24,2,Clothing,Saree,Debit Card,Michigan
B-25782,335,-22,7,Furniture,Chairs,UPI,Mississippi
B-25854,40,16,3,Clothing,Hankerchief,COD,Maine
B-26085,40,17,2,Clothing,Stole,COD,Virginia
B-25630,40,-7,3,Clothing,Stole,COD,Michigan
B-25999,352,74,8,Clothing,Stole,Debit Card,Illinois
B-25648,55,-26,4,Clothing,Saree,UPI,Florida
B-25952,352,18,5,Clothing,Trousers,Debit Card,Montana
B-25710,53,-18,4,Clothing,T-shirt,UPI,Montana
B-25685,51,7,2,Furniture,Furnishings,UPI,North Carolina
B-25740,40,-37,3,Clothing,Stole,COD,Alabama
B-25973,39,14,5,Clothing,Leggings,COD,Arizona
B-25769,355,-4,2,Clothing,Saree,Debit Card,Georgia
B-25687,357,139,2,Clothing,Saree,Debit Card,Oklahoma
B-25603,38,18,1,Clothing,Kurti,COD,California
B-26050,38,9,2,Clothing,Stole,COD,Maryland
B-25748,141,10,4,Clothing,Shirt,UPI,New Hampshire
B-25833,36,4,9,Clothing,Hankerchief,COD,Ohio
B-25930,351,-94,5,Electronics,Electronic Games,COD,New York
B-26035,369,15,3,Electronics,Electronic Games,Debit Card,Washington
B-25851,53,24,6,Clothing,Hankerchief,EMI,Mississippi
B-25718,371,115,1,Furniture,Bookcases,Debit Card,Alabama
B-25898,499,33,4,Clothing,Saree,COD,Washington
B-25893,223,62,7,Clothing,Shirt,COD,Alabama
B-25983,50,-4,6,Clothing,T-shirt,EMI,Connecticut
B-26056,391,90,6,Electronics,Phones,Debit Card,Nevada
B-25715,416,137,3,Electronics,Phones,Debit Card,Pennsylvania
B-25702,424,-17,9,Furniture,Chairs,Debit Card,Wisconsin
B-25618,362,127,1,Furniture,Bookcases,COD,Massachusetts
B-25643,36,-7,1,Electronics,Electronic Games,COD,Tennessee
B-25961,34,-10,3,Clothing,Skirt,COD,Alaska
B-25873,367,73,3,Electronics,Electronic Games,UPI,Idaho
B-26053,425,208,7,Clothing,Saree,Debit Card,Mississippi
B-25683,433,26,3,Electronics,Printers,Debit Card,Indiana
B-25718,460,31,3,Furniture,Bookcases,Debit Card,New Mexico
B-25753,62,-56,5,Clothing,Kurti,COD,Missouri
B-25852,50,16,1,Clothing,Stole,EMI,Virginia
B-25914,460,-143,3,Furniture,Chairs,Debit Card,Vermont
B-26083,34,3,3,Clothing,Saree,COD,Arizona
B-25857,227,59,2,Furniture,Furnishings,UPI,Colorado
B-25939,469,33,4,Electronics,Electronic Games,Debit Card,Utah
B-25851,103,46,2,Clothing,Saree,UPI,Florida
B-25699,34,-13,5,Clothing,Leggings,COD,Arkansas
B-26078,137,63,3,Clothing,Stole,COD,New Jersey
B-26075,34,12,2,Clothing,Stole,COD,West Virginia
B-25956,474,56,4,Electronics,Phones,Debit Card,Indiana
B-25861,50,3,2,Clothing,Stole,EMI,Wisconsin
B-25777,69,-67,4,Clothing,Kurti,UPI,Arizona
B-25634,389,-83,3,Furniture,Chairs,UPI,Hawaii
B-25753,77,-43,8,Clothing,Stole,COD,Wisconsin
B-25687,51,21,3,Clothing,T-shirt,COD,Illinois
B-25885,394,146,2,Furniture,Bookcases,UPI,Louisiana
B-25767,48,-22,2,Clothing,Saree,EMI,Alabama
B-25961,34,-12,5,Clothing,Leggings,COD,Colorado
B-25923,484,28,3,Electronics,Printers,Debit Card,Mississippi
B-25799,47,-27,4,Clothing,Saree,EMI,Wisconsin
B-25955,45,8,4,Clothing,Skirt,EMI,Colorado
B-26015,128,55,1,Clothing,Saree,COD,Montana
B-26051,669,74,5,Furniture,Bookcases,COD,Connecticut
B-25822,34,13,2,Clothing,Saree,COD,Georgia
B-25989,44,14,3,Clothing,Hankerchief,Credit Card,Texas
B-25910,33,1,2,Clothing,Shirt,COD,New Jersey
B-25956,33,10,3,Clothing,Hankerchief,COD,Montana
B-25986,487,-23,3,Electronics,Printers,Debit Card,South Carolina
B-26098,497,179,3,Furniture,Chairs,Debit Card,Wyoming
B-26061,508,203,2,Electronics,Accessories,Debit Card,Virginia
B-25954,524,-25,2,Electronics,Electronic Games,Debit Card,West Virginia
B-26034,425,183,5,Electronics,Accessories,UPI,Vermont
B-25909,168,56,3,Clothing,Saree,COD,Iowa
B-25692,141,28,7,Furniture,Furnishings,UPI,Texas
B-25959,429,17,3,Furniture,Chairs,UPI,Ohio
B-25745,44,-8,3,Clothing,Stole,Credit Card,Arkansas
B-25689,149,136,3,Clothing,Stole,UPI,Arizona
B-25786,44,-34,3,Clothing,Stole,Credit Card,Tennessee
B-25897,33,10,3,Clothing,Hankerchief,COD,South Carolina
B-26056,33,9,2,Clothing,Hankerchief,COD,Delaware
B-25855,442,31,2,Electronics,Electronic Games,UPI,Oregon
B-25667,41,6,5,Clothing,Skirt,Credit Card,North Carolina
B-25701,33,-12,5,Clothing,Hankerchief,COD,Maine
B-26046,32,3,8,Clothing,Hankerchief,COD,Michigan
B-25676,32,6,3,Clothing,Shirt,COD,Idaho
B-26045,179,77,1,Clothing,Saree,UPI,Missouri
B-25889,31,10,1,Clothing,Kurti,COD,Wisconsin
B-25900,140,68,5,Clothing,T-shirt,COD,Kentucky
B-25685,529,137,3,Electronics,Phones,Debit Card,Maine
B-25622,534,0,3,Clothing,Saree,Debit Card,Delaware
B-25709,41,-6,1,Furniture,Chairs,Credit Card,Iowa
B-25798,379,63,2,Clothing,Saree,COD,Oregon
B-25933,81,-44,3,Clothing,Stole,COD,Delaware
B-25793,40,-33,5,Clothing,Hankerchief,Credit Card,Arizona
B-25951,40,18,1,Electronics,Accessories,Credit Card,Mississippi
B-25656,534,0,3,Clothing,Saree,Debit Card,Maine
B-26056,31,9,2,Clothing,Hankerchief,COD,Maine
B-25870,473,-113,9,Clothing,Hankerchief,UPI,Kansas
B-25690,31,-10,3,Clothing,Skirt,COD,West Virginia
B-25702,31,-3,4,Clothing,Saree,COD,New Jersey
B-25752,91,15,6,Clothing,T-shirt,UPI,South Dakota
B-25781,30,-25,2,Clothing,T-shirt,COD,New York
B-26038,30,6,1,Clothing,T-shirt,COD,Alabama
B-25761,40,0,3,Clothing,Saree,Credit Card,Minnesota
B-25751,534,5,2,Electronics,Electronic Games,Debit Card,Oklahoma
B-25750,539,-146,7,Furniture,Furnishings,Debit Card,Arkansas
B-25726,490,-128,8,Furniture,Bookcases,UPI,Hawaii
B-26048,163,81,2,Electronics,Accessories,COD,Georgia
B-26051,184,85,6,Clothing,T-shirt,UPI,Louisiana
B-25614,494,54,4,Furniture,Bookcases,COD,Kansas
B-25907,30,11,5,Clothing,Hankerchief,COD,Kentucky
B-25789,30,0,1,Clothing,Kurti,COD,Connecticut
B-26097,39,-18,2,Clothing,Leggings,Credit Card,New Jersey
B-25902,1700,85,3,Clothing,Trousers,COD,North Dakota
B-25657,332,-43,6,Electronics,Phones,UPI,Nebraska
B-25854,436,131,9,Clothing,Hankerchief,UPI,Louisiana
B-25610,30,-5,2,Furniture,Furnishings,COD,Massachusetts
B-25733,30,-10,2,Clothing,Stole,COD,Idaho
B-25798,38,-13,3,Clothing,Stole,Credit Card,South Carolina
B-25803,511,194,3,Furniture,Chairs,UPI,North Carolina
B-25755,37,-53,3,Clothing,Saree,Credit Card,Delaware
B-25850,513,215,2,Electronics,Accessories,COD,Delaware
B-25667,516,69,4,Furniture,Bookcases,UPI,Kentucky
B-25796,559,-19,2,Clothing,Trousers,Debit Card,Alaska
B-26013,29,-10,3,Clothing,Skirt,COD,Maryland
B-25683,148,52,5,Clothing,Stole,UPI,Indiana
B-26054,559,-174,2,Electronics,Electronic Games,Debit Card,Illinois
B-26010,527,26,3,Electronics,Electronic Games,COD,California
B-25979,560,44,3,Clothing,Saree,Debit Card,Idaho
B-25973,571,108,12,Clothing,Stole,Debit Card,New Hampshire
B-25975,29,2,3,Clothing,Skirt,COD,Arkansas
B-26010,29,3,2,Clothing,Stole,COD,Mississippi
B-25767,29,-3,3,Clothing,Saree,COD,South Dakota
B-25815,35,14,2,Clothing,Stole,Credit Card,Wisconsin
B-25853,579,139,3,Electronics,Printers,Debit Card,Florida
B-25756,29,-24,4,Clothing,Leggings,COD,Nevada
B-25755,593,213,4,Furniture,Bookcases,Debit Card,Arkansas
B-25996,217,72,2,Furniture,Furnishings,COD,Montana
B-25619,353,90,8,Clothing,Saree,COD,New Jersey
B-26050,382,92,2,Electronics,Printers,COD,Arizona
B-26000,597,93,4,Furniture,Chairs,Debit Card,Minnesota
B-26058,212,97,7,Clothing,Hankerchief,COD,Iowa
B-25856,689,90,5,Clothing,Saree,COD,Florida
B-26044,28,-10,3,Clothing,Skirt,COD,Kentucky
B-25654,34,12,3,Clothing,Hankerchief,Credit Card,Georgia
B-26051,600,-102,5,Electronics,Electronic Games,Debit Card,Washington
B-25636,637,113,5,Clothing,Saree,UPI,West Virginia
B-25710,616,-69,7,Furniture,Furnishings,Debit Card,Virginia
B-25656,624,37,2,Electronics,Electronic Games,Debit Card,North Dakota
B-25919,28,4,1,Clothing,T-shirt,COD,Texas
B-25781,584,-444,7,Electronics,Printers,UPI,Michigan
B-25899,28,6,4,Clothing,Skirt,COD,Wyoming
B-26093,33,-1,1,Clothing,Saree,Credit Card,Colorado
B-25753,27,-20,2,Clothing,Hankerchief,COD,North Carolina
B-25858,27,5,2,Clothing,Skirt,COD,Maryland
B-25762,27,4,3,Clothing,Skirt,COD,Wisconsin
B-25625,635,-349,5,Clothing,Saree,Debit Card,South Dakota
B-25857,598,166,4,Furniture,Bookcases,UPI,Iowa
B-25919,636,-204,2,Electronics,Printers,Debit Card,Connecticut
B-25864,27,9,2,Clothing,Hankerchief,COD,Minnesota
B-25698,27,-6,4,Clothing,Hankerchief,COD,New Jersey
B-25959,637,212,8,Electronics,Phones,Debit Card,Wyoming
B-26073,290,110,9,Clothing,Stole,UPI,Florida
B-25649,27,-25,2,Clothing,Stole,COD,Oregon
B-25806,632,-114,4,Furniture,Tables,UPI,New Hampshire
B-25756,643,-45,2,Electronics,Printers,Debit Card,New York
B-26003,652,13,6,Furniture,Furnishings,Debit Card,South Dakota
B-25752,33,-27,1,Furniture,Chairs,Credit Card,Minnesota
B-25783,26,2,2,Clothing,Hankerchief,COD,Michigan
B-25802,633,-633,11,Electronics,Accessories,UPI,Alaska
B-25881,26,9,2,Clothing,Leggings,COD,Maryland
B-25898,191,93,4,Clothing,Shirt,UPI,Nevada
B-25696,887,80,3,Electronics,Printers,UPI,New Hampshire
B-25826,637,261,2,Electronics,Printers,COD,New Mexico
B-25745,670,15,5,Furniture,Bookcases,Debit Card,Vermont
B-25943,26,7,4,Clothing,Hankerchief,COD,New Hampshire
B-26051,676,195,5,Furniture,Bookcases,Debit Card,Kentucky
B-25624,26,12,3,Clothing,Hankerchief,COD,Arkansas
B-25723,26,-24,1,Clothing,Stole,COD,Illinois
B-26052,25,7,2,Clothing,Stole,COD,Louisiana
B-25603,24,-30,1,Furniture,Chairs,COD,Louisiana
B-25983,32,-12,1,Furniture,Chairs,Credit Card,Indiana
B-25650,31,-2,2,Clothing,Saree,Credit Card,Pennsylvania
B-25656,651,169,5,Electronics,Printers,COD,Illinois
B-26018,326,107,3,Furniture,Furnishings,UPI,Utah
B-25783,30,-6,2,Clothing,Hankerchief,UPI,Alabama
B-25951,30,5,2,Clothing,Kurti,UPI,Wisconsin
B-25974,662,240,2,Furniture,Bookcases,COD,California
B-25754,30,-23,2,Clothing,Saree,UPI,Alabama
B-26073,29,9,3,Clothing,Saree,UPI,New Mexico
B-25796,28,1,1,Electronics,Accessories,UPI,New Mexico
B-25653,28,-3,2,Clothing,Saree,UPI,Iowa
B-25884,24,2,4,Clothing,Hankerchief,COD,New Mexico
B-25650,28,-26,2,Clothing,Stole,UPI,Alaska
B-26045,27,5,1,Clothing,Stole,UPI,Kansas
B-25672,27,-15,1,Clothing,Stole,UPI,South Carolina
B-25949,24,11,3,Clothing,Hankerchief,COD,Kansas
B-25733,23,-6,4,Clothing,Hankerchief,COD,California
B-25697,322,193,5,Electronics,Printers,COD,Massachusetts
B-25893,688,-103,6,Electronics,Accessories,Debit Card,Minnesota
B-25802,23,-3,1,Clothing,Shirt,COD,Oregon
B-25961,26,3,3,Clothing,Skirt,UPI,Missouri
B-25751,68,-56,2,Electronics,Phones,COD,South Dakota
B-25814,462,169,4,Clothing,Saree,COD,Oklahoma
B-25702,941,203,3,Furniture,Tables,UPI,Arizona
B-25896,23,4,2,Clothing,Skirt,COD,Rhode Island
B-25969,720,43,2,Electronics,Printers,UPI,North Carolina
B-25778,724,-447,4,Electronics,Electronic Games,UPI,North Dakota
B-25859,724,253,2,Furniture,Bookcases,UPI,Minnesota
B-25810,26,10,4,Clothing,Hankerchief,UPI,Florida
B-25616,22,-2,3,Clothing,Hankerchief,COD,Florida
B-25633,711,-8,4,Clothing,Saree,Debit Card,Washington
B-25753,107,31,5,Clothing,T-shirt,COD,Maine
B-25764,765,-153,2,Electronics,Phones,Debit Card,North Carolina
B-25864,22,8,2,Clothing,Leggings,COD,Texas
B-25725,26,-5,2,Clothing,Stole,UPI,Rhode Island
B-25858,22,8,3,Clothing,Hankerchief,COD,Vermont
B-25817,743,89,5,Electronics,Printers,UPI,Louisiana
B-25703,22,-15,4,Clothing,Kurti,COD,Mississippi
B-25610,781,594,6,Electronics,Printers,Debit Card,Connecticut
B-25652,25,-2,5,Clothing,Hankerchief,UPI,New Jersey
B-25891,25,2,2,Clothing,Hankerchief,UPI,New Hampshire
B-25764,119,43,5,Clothing,T-shirt,COD,Nevada
B-25664,785,52,2,Electronics,Phones,Debit Card,Vermont
B-25645,183,-66,5,Electronics,Phones,UPI,Hawaii
B-26008,22,4,1,Clothing,Stole,COD,Louisiana
B-26061,642,180,5,Clothing,Saree,COD,Michigan
B-25781,767,-353,5,Clothing,Trousers,COD,Nevada
B-25999,770,323,3,Electronics,Accessories,COD,Texas
B-25783,21,-17,3,Clothing,Shirt,COD,North Carolina
B-25800,21,-6,3,Clothing,Leggings,COD,Oregon
B-26093,492,187,2,Electronics,Accessories,UPI,Rhode Island
B-25638,816,-96,3,Electronics,Printers,Debit Card,Idaho
B-26026,25,2,3,Clothing,Kurti,Credit Card,Delaware
B-25902,802,120,7,Electronics,Accessories,COD,Alaska
B-25968,811,154,7,Electronics,Accessories,UPI,California
B-26099,835,267,5,Electronics,Phones,Debit Card,Maine
B-25699,21,-5,1,Electronics,Accessories,COD,Oklahoma
B-26076,450,-190,4,Furniture,Bookcases,COD,Michigan
B-25793,24,-1,4,Clothing,Skirt,Credit Card,Nebraska
B-25671,832,0,3,Clothing,Trousers,UPI,Oklahoma
B-26040,833,93,3,Clothing,Trousers,UPI,Tennessee
B-26059,20,6,1,Clothing,T-shirt,COD,Wyoming
B-25725,23,-5,7,Clothing,Hankerchief,Credit Card,Oregon
B-25855,550,-242,5,Furniture,Furnishings,UPI,Hawaii
B-25738,148,-91,2,Electronics,Phones,COD,Rhode Island
B-25899,846,9,2,Furniture,Chairs,Debit Card,Arkansas
B-25608,856,385,6,Electronics,Printers,COD,Idaho
B-25904,871,131,2,Furniture,Bookcases,UPI,Illinois
B-26056,19,-18,4,Clothing,Kurti,COD,Maine
B-25669,610,-66,2,Furniture,Tables,COD,Connecticut
B-25638,880,97,8,Furniture,Furnishings,Debit Card,Georgia
B-25953,22,-8,4,Clothing,Hankerchief,Credit Card,Indiana
B-25841,22,11,2,Clothing,Skirt,Credit Card,Vermont
B-26071,21,4,3,Clothing,Hankerchief,Credit Card,Vermont
B-25793,18,1,3,Clothing,Hankerchief,COD,Nebraska
B-25813,911,202,7,Furniture,Chairs,COD,Oregon
B-26010,18,2,3,Clothing,Hankerchief,COD,Illinois
B-25825,911,355,5,Electronics,Phones,Debit Card,Oklahoma
B-25630,143,-129,2,Electronics,Phones,COD,Indiana
B-25986,918,22,9,Electronics,Electronic Games,COD,Maine
B-25650,925,-447,5,Electronics,Electronic Games,COD,Georgia
B-26078,17,8,2,Clothing,Skirt,COD,Nevada
B-25890,465,207,9,Clothing,Saree,COD,Colorado
B-25691,17,-9,3,Clothing,Stole,COD,Idaho
B-25952,935,114,4,Electronics,Electronic Games,UPI,New Mexico
B-25651,16,-10,2,Clothing,T-shirt,COD,Arkansas
B-25955,954,95,3,Electronics,Printers,UPI,Louisiana
B-25898,915,-99,3,Furniture,Tables,Debit Card,Connecticut
B-25838,955,305,3,Electronics,Printers,Debit Card,Delaware
B-25797,976,293,4,Electronics,Accessories,COD,Colorado
B-25738,1069,0,6,Clothing,Saree,EMI,Florida
B-25661,19,-15,3,Clothing,Hankerchief,Credit Card,California
B-25997,16,6,3,Clothing,Hankerchief,COD,Connecticut
B-25667,1030,206,8,Electronics,Printers,UPI,New York
B-25753,620,82,6,Electronics,Accessories,COD,Alabama
B-25848,16,8,2,Clothing,Hankerchief,COD,Louisiana
B-26097,19,8,2,Clothing,Hankerchief,Credit Card,Montana
B-25633,249,-130,4,Electronics,Phones,UPI,Colorado
B-25807,16,6,1,Clothing,Stole,COD,Rhode Island
B-25752,1361,197,9,Furniture,Bookcases,COD,Indiana
B-26052,15,1,1,Clothing,Shirt,COD,California
B-25610,1076,-38,4,Electronics,Printers,COD,Montana
B-25888,18,2,3,Clothing,Hankerchief,Credit Card,Tennessee
B-25937,1101,352,3,Furniture,Bookcases,UPI,Washington
B-25828,15,2,1,Clothing,Leggings,COD,Georgia
B-26048,1104,209,4,Clothing,Trousers,UPI,Connecticut
B-25670,14,2,1,Clothing,Hankerchief,COD,Florida
B-25757,14,5,1,Clothing,Hankerchief,COD,South Carolina
B-25751,14,-3,2,Clothing,Leggings,COD,New Jersey
B-25687,14,-1,4,Clothing,Kurti,COD,Vermont
B-25710,13,-8,1,Clothing,T-shirt,COD,Hawaii
B-25656,13,-1,3,Clothing,Hankerchief,COD,New York
B-25601,1275,1148,7,Furniture,Bookcases,EMI,Maryland
B-26053,17,1,2,Clothing,Skirt,Credit Card,Florida
B-26001,13,0,2,Clothing,Hankerchief,COD,Nebraska
B-25964,1270,546,11,Electronics,Electronic Games,EMI,Vermont
B-26062,13,-2,1,Clothing,Stole,COD,Pennsylvania
B-25982,13,3,1,Clothing,Leggings,COD,Tennessee
B-25864,17,5,1,Clothing,Hankerchief,UPI,South Carolina
B-25693,13,-13,2,Clothing,Skirt,COD,Oklahoma
B-25802,13,-9,2,Clothing,Skirt,COD,Florida
B-25676,1263,-56,5,Clothing,Trousers,EMI,New York
B-25639,1629,-153,3,Electronics,Phones,COD,New Mexico
B-25757,17,7,3,Clothing,Hankerchief,UPI,Florida
B-26003,17,2,2,Clothing,Skirt,UPI,Iowa
B-26055,1250,-12,2,Electronics,Printers,EMI,Minnesota
B-25786,17,-11,3,Clothing,Skirt,UPI,Ohio
B-25919,977,-244,7,Electronics,Phones,COD,Arizona
B-25894,1246,62,3,Furniture,Bookcases,EMI,North Carolina
B-25979,12,1,2,Clothing,Hankerchief,COD,Wyoming
B-25651,11,-4,2,Clothing,Skirt,COD,North Dakota
B-25653,1327,318,8,Furniture,Chairs,EMI,Idaho
B-25855,1319,567,5,Electronics,Printers,COD,New Hampshire
B-25793,1402,109,11,Clothing,Saree,EMI,Missouri
B-26073,1514,742,4,Electronics,Printers,EMI,New Jersey
B-25881,1351,111,6,Electronics,Electronic Games,COD,Virginia
B-25603,1355,-60,5,Clothing,Trousers,COD,Connecticut
B-25851,10,2,2,Clothing,Hankerchief,COD,Maine
B-25883,10,-2,2,Clothing,Leggings,COD,Massachusetts
B-25768,1582,-443,6,Clothing,Trousers,EMI,New Mexico
B-25953,1218,352,9,Furniture,Bookcases,EMI,North Dakota
B-25755,321,315,5,Clothing,Saree,UPI,Delaware
B-26057,736,346,5,Electronics,Printers,COD,Oregon
B-26055,1218,-420,8,Furniture,Bookcases,COD,Arizona
B-25855,1027,441,8,Clothing,Saree,COD,Michigan
B-25989,10,5,1,Clothing,Stole,COD,Utah
B-26099,2366,552,5,Clothing,Trousers,UPI,Utah
B-25652,9,-6,2,Clothing,Hankerchief,COD,Louisiana
B-25723,16,-12,2,Clothing,Stole,UPI,New Hampshire
B-26099,9,3,1,Clothing,Skirt,COD,Nebraska
B-25629,1560,421,3,Clothing,Trousers,COD,Wyoming
B-25877,1137,568,2,Clothing,Trousers,EMI,Pennsylvania
B-25767,9,-9,2,Clothing,Kurti,COD,Nevada
B-25735,15,-7,1,Clothing,Hankerchief,UPI,Minnesota
B-26097,14,5,1,Clothing,Hankerchief,UPI,California
B-26070,14,7,2,Clothing,Hankerchief,UPI,Mississippi
B-25752,8,-2,2,Clothing,Hankerchief,COD,West Virginia
B-25656,1389,680,7,Clothing,Saree,COD,Oklahoma
B-25748,8,-1,2,Clothing,Leggings,COD,Utah
B-25758,8,-2,1,Clothing,Stole,COD,Pennsylvania
B-25950,13,4,1,Clothing,Leggings,UPI,Georgia
B-25707,8,-6,1,Clothing,Stole,COD,Rhode Island
B-25909,12,2,2,Clothing,Skirt,Credit Card,New York
B-25955,1716,309,7,Electronics,Accessories,COD,Delaware
B-26023,1117,447,10,Furniture,Bookcases,EMI,Arkansas
B-25655,9,-6,2,Clothing,Skirt,Credit Card,Nebraska
B-25686,332,503,3,Electronics,Printers,COD,Ohio
B-25655,7,-4,3,Clothing,Hankerchief,COD,Alabama
B-25601,8,-2,3,Clothing,Hankerchief,Credit Card,Minnesota
B-25862,2061,701,5,Furniture,Bookcases,UPI,Virginia
B-25626,1103,276,3,Furniture,Chairs,EMI,Utah
B-25823,2103,322,8,Electronics,Electronic Games,UPI,Connecticut
B-25881,2115,23,5,Furniture,Chairs,COD,Arkansas
B-25910,850,-289,5,Electronics,Electronic Games,COD,Missouri
B-25830,1063,64,7,Electronics,Phones,EMI,Illinois
B-25978,1063,-175,4,Electronics,Electronic Games,EMI,Mississippi
B-25997,2292,127,7,Furniture,Bookcases,COD,Tennessee
B-25661,7,-1,2,Clothing,Hankerchief,Credit Card,Louisiana
B-25969,2452,191,7,Furniture,Bookcases,UPI,Missouri
B-25858,2457,665,11,Electronics,Electronic Games,EMI,Indiana
B-25697,4,-3,1,Clothing,Skirt,Credit Card,Kentucky
B-25798,2830,-1981,13,Furniture,Bookcases,EMI,Nebraska
B-25873,7,1,1,Clothing,Hankerchief,COD,South Carolina
B-25740,7,0,2,Clothing,Skirt,COD,Louisiana
B-25700,7,-3,2,Clothing,Hankerchief,COD,Montana
B-25757,3151,-35,7,Clothing,Trousers,EMI,Pennsylvania
B-25973,4141,1698,13,Electronics,Printers,COD,Vermont
B-25698,7,-2,1,Clothing,Hankerchief,COD,Rhode Island
B-25993,4363,305,5,Furniture,Tables,EMI,New Hampshire
